time,absolute_time,de,de76,de2000,dl,da,db,dc,dh,lab_l,lab_a,lab_b,rgb_r,rgb_g,rgb_b,calibrated,sample_size_cm,de_method
3.734041452407837,1756358200.213602,21.4,21.4,21.4,-20.0,-7.5,1.5,7.6,0,30.0,-7.5,1.5,58.413333333333334,73.78333333333333,67.84555555555555,False,1.0,CIE76
3.7588908672332764,1756358200.2384515,21.5,21.5,21.5,-20.0,-7.7,1.7,7.9,0,30.0,-7.7,1.7,58.23111111111111,74.00222222222222,67.66333333333333,False,1.0,CIE76
3.8618500232696533,1756358200.3414106,21.5,21.5,21.5,-20.0,-7.7,1.8,7.9,0,30.0,-7.7,1.8,58.257777777777775,74.00555555555556,67.67,False,1.0,CIE76
3.9830551147460938,1756358200.4626157,21.4,21.4,21.4,-20.0,-7.4,1.2,7.5,0,30.0,-7.4,1.2,58.37777777777778,73.76222222222222,68.32444444444444,False,1.0,CIE76
4.135249853134155,1756358200.6148105,21.5,21.5,21.5,-20.0,-7.8,1.7,8.0,0,30.0,-7.8,1.7,58.111111111111114,74.04666666666667,67.71777777777778,False,1.0,CIE76
4.221356391906738,1756358200.700917,21.4,21.4,21.4,-20.0,-7.5,1.3,7.6,0,30.0,-7.5,1.3,58.266666666666666,73.85888888888888,68.22666666666667,False,1.0,CIE76
4.364999055862427,1756358200.8445597,21.4,21.4,21.4,-20.0,-7.4,1.3,7.5,0,30.0,-7.4,1.3,58.404444444444444,73.85,68.26444444444445,False,1.0,CIE76
4.434039115905762,1756358200.9135997,21.4,21.4,21.4,-20.0,-7.4,1.6,7.5,0,30.0,-7.4,1.6,58.80444444444444,73.8411111111111,67.95222222222222,False,1.0,CIE76
4.5874342918396,1756358201.066995,21.5,21.5,21.5,-19.9,-8.0,1.5,8.1,0,30.1,-8.0,1.5,57.65777777777778,74.33111111111111,68.16777777777777,False,1.0,CIE76
4.686903953552246,1756358201.1664646,21.4,21.4,21.4,-20.0,-7.5,1.5,7.7,0,30.0,-7.5,1.5,58.355555555555554,73.94222222222223,68.07111111111111,False,1.0,CIE76
4.7906694412231445,1756358201.27023,21.5,21.5,21.5,-19.9,-7.8,1.6,8.0,0,30.1,-7.8,1.6,58.026666666666664,74.17777777777778,67.97888888888889,False,1.0,CIE76
4.934906721115112,1756358201.4144673,21.4,21.4,21.4,-20.0,-7.4,1.6,7.6,0,30.0,-7.4,1.6,58.626666666666665,73.83777777777777,67.93888888888888,False,1.0,CIE76
5.088300704956055,1756358201.5678613,21.5,21.5,21.5,-20.0,-7.7,1.5,7.9,0,30.0,-7.7,1.5,58.102222222222224,74.11333333333333,68.06555555555556,False,1.0,CIE76
5.189210653305054,1756358201.6687713,21.4,21.4,21.4,-20.0,-7.3,1.4,7.5,0,30.0,-7.3,1.4,58.59111111111111,73.77888888888889,68.16222222222223,False,1.0,CIE76
5.310391426086426,1756358201.789952,21.4,21.4,21.4,-20.0,-7.6,1.5,7.8,0,30.0,-7.6,1.5,58.275555555555556,74.05444444444444,68.07888888888888,False,1.0,CIE76
5.42872166633606,1756358201.9082823,21.3,21.3,21.3,-20.0,-7.3,1.4,7.5,0,30.0,-7.3,1.4,58.77777777777778,73.89111111111112,68.21444444444444,False,1.0,CIE76
5.562469959259033,1756358202.0420306,21.4,21.4,21.4,-19.9,-7.8,1.7,8.0,0,30.1,-7.8,1.7,58.48,74.31333333333333,67.93222222222222,False,1.0,CIE76
5.669987916946411,1756358202.1495485,21.5,21.5,21.5,-19.9,-7.9,1.6,8.1,0,30.1,-7.9,1.6,58.062222222222225,74.27444444444444,68.03333333333333,False,1.0,CIE76
5.833275079727173,1756358202.3128357,21.4,21.4,21.4,-19.9,-7.6,1.5,7.7,0,30.1,-7.6,1.5,58.32888888888889,74.05555555555556,68.15333333333334,False,1.0,CIE76
5.922945737838745,1756358202.4025064,21.3,21.3,21.3,-20.0,-7.3,1.4,7.4,0,30.0,-7.3,1.4,58.68,73.77444444444444,68.13444444444444,False,1.0,CIE76
6.070227384567261,1756358202.549788,21.3,21.3,21.3,-19.9,-7.5,1.4,7.7,0,30.1,-7.5,1.4,58.4,74.08333333333333,68.33777777777777,False,1.0,CIE76
6.178478479385376,1756358202.658039,21.4,21.4,21.4,-19.9,-7.8,1.8,8.1,0,30.1,-7.8,1.8,58.364444444444445,74.30444444444444,67.73555555555555,False,1.0,CIE76
6.296891212463379,1756358202.7764518,21.3,21.3,21.3,-19.9,-7.4,1.4,7.6,0,30.1,-7.4,1.4,58.666666666666664,73.96666666666667,68.22444444444444,False,1.0,CIE76
6.419988393783569,1756358202.899549,21.3,21.3,21.3,-20.0,-7.3,1.3,7.4,0,30.0,-7.3,1.3,58.47555555555556,73.85666666666667,68.36222222222223,False,1.0,CIE76
6.5447163581848145,1756358203.024277,21.5,21.5,21.5,-19.9,-7.8,1.8,8.0,0,30.1,-7.8,1.8,58.24888888888889,74.19333333333333,67.75333333333333,False,1.0,CIE76
6.736842393875122,1756358203.216403,21.4,21.4,21.4,-19.9,-7.6,1.7,7.8,0,30.1,-7.6,1.7,58.50666666666667,74.08111111111111,67.80777777777777,False,1.0,CIE76
6.7967751026153564,1756358203.2763357,21.4,21.4,21.4,-19.9,-7.8,1.8,8.0,0,30.1,-7.8,1.8,58.346666666666664,74.31555555555556,67.77333333333333,False,1.0,CIE76
6.941558837890625,1756358203.4211195,21.4,21.4,21.4,-19.9,-7.7,1.4,7.8,0,30.1,-7.7,1.4,58.09777777777778,74.1511111111111,68.3,False,1.0,CIE76
7.060597658157349,1756358203.5401583,21.5,21.5,21.5,-19.9,-7.8,1.8,8.0,0,30.1,-7.8,1.8,58.28888888888889,74.24666666666667,67.83111111111111,False,1.0,CIE76
7.1735382080078125,1756358203.6530988,21.3,21.3,21.3,-20.0,-7.3,1.3,7.4,0,30.0,-7.3,1.3,58.666666666666664,73.83666666666667,68.33,False,1.0,CIE76
7.295567512512207,1756358203.7751281,21.4,21.4,21.4,-20.0,-7.4,1.5,7.5,0,30.0,-7.4,1.5,58.56,73.82777777777778,68.05555555555556,False,1.0,CIE76
7.452808856964111,1756358203.9323695,21.4,21.4,21.4,-19.9,-7.7,1.9,8.0,0,30.1,-7.7,1.9,58.56,74.13777777777777,67.57,False,1.0,CIE76
7.550408124923706,1756358204.0299687,21.6,21.6,21.6,-19.9,-8.2,2.0,8.4,0,30.1,-8.2,2.0,57.87111111111111,74.45444444444445,67.50666666666666,False,1.0,CIE76
7.672414779663086,1756358204.1519754,21.5,21.5,21.5,-19.9,-7.9,1.9,8.1,0,30.1,-7.9,1.9,58.19555555555556,74.18111111111111,67.54444444444445,False,1.0,CIE76
7.787075519561768,1756358204.2666361,21.4,21.4,21.4,-20.0,-7.4,1.3,7.5,0,30.0,-7.4,1.3,58.40888888888889,73.82111111111111,68.28111111111112,False,1.0,CIE76
7.912476301193237,1756358204.392037,21.6,21.6,21.6,-19.9,-8.1,1.9,8.3,0,30.1,-8.1,1.9,57.88,74.27111111111111,67.52333333333333,False,1.0,CIE76
8.045971632003784,1756358204.5255322,21.4,21.4,21.4,-19.9,-7.7,1.7,7.9,0,30.1,-7.7,1.7,58.34222222222222,74.15,67.93333333333334,False,1.0,CIE76
8.164107084274292,1756358204.6436677,21.4,21.4,21.4,-20.0,-7.4,1.2,7.5,0,30.0,-7.4,1.2,58.315555555555555,73.81444444444445,68.47222222222223,False,1.0,CIE76
8.305012464523315,1756358204.784573,21.4,21.4,21.4,-20.0,-7.5,1.5,7.6,0,30.0,-7.5,1.5,58.45777777777778,73.8488888888889,68.0111111111111,False,1.0,CIE76
8.416026830673218,1756358204.8955874,21.5,21.5,21.5,-20.0,-7.7,1.5,7.8,0,30.0,-7.7,1.5,58.12,74.00888888888889,68.04555555555555,False,1.0,CIE76
8.558298110961914,1756358205.0378587,21.5,21.5,21.5,-19.9,-7.8,1.7,8.0,0,30.1,-7.8,1.7,58.23111111111111,74.1,67.75555555555556,False,1.0,CIE76
8.67887544631958,1756358205.158436,21.4,21.4,21.4,-20.0,-7.6,1.6,7.7,0,30.0,-7.6,1.6,58.48,74.0,67.97111111111111,False,1.0,CIE76
8.797229290008545,1756358205.27679,21.5,21.5,21.5,-19.9,-7.8,1.7,8.0,0,30.1,-7.8,1.7,58.16,74.17333333333333,67.83222222222223,False,1.0,CIE76
8.923550128936768,1756358205.4031107,21.4,21.4,21.4,-20.0,-7.6,1.6,7.7,0,30.0,-7.6,1.6,58.404444444444444,73.87555555555555,67.81,False,1.0,CIE76
9.033514022827148,1756358205.5130746,21.5,21.5,21.5,-19.9,-8.0,1.9,8.2,0,30.1,-8.0,1.9,57.995555555555555,74.28555555555556,67.59,False,1.0,CIE76
9.178632736206055,1756358205.6581933,21.4,21.4,21.4,-20.0,-7.4,1.3,7.5,0,30.0,-7.4,1.3,58.44888888888889,73.81222222222222,68.23444444444445,False,1.0,CIE76
9.296282291412354,1756358205.775843,21.4,21.4,21.4,-19.9,-7.7,1.6,7.8,0,30.1,-7.7,1.6,58.324444444444445,74.08888888888889,67.99444444444444,False,1.0,CIE76
9.40928864479065,1756358205.8888493,21.5,21.5,21.5,-20.0,-7.8,2.0,8.0,0,30.0,-7.8,2.0,58.422222222222224,74.06,67.37777777777778,False,1.0,CIE76
9.543537855148315,1756358206.0230985,21.4,21.4,21.4,-20.0,-7.3,1.4,7.5,0,30.0,-7.3,1.4,58.51111111111111,73.7611111111111,68.16444444444444,False,1.0,CIE76
9.657327890396118,1756358206.1368885,21.6,21.6,21.6,-19.9,-8.0,1.9,8.2,0,30.1,-8.0,1.9,58.053333333333335,74.17333333333333,67.42111111111112,False,1.0,CIE76
9.800438642501831,1756358206.2799993,21.6,21.6,21.6,-19.9,-8.2,2.1,8.5,0,30.1,-8.2,2.1,57.78666666666667,74.44333333333333,67.34222222222222,False,1.0,CIE76
9.935769319534302,1756358206.41533,21.5,21.5,21.5,-19.9,-7.9,1.8,8.1,0,30.1,-7.9,1.8,58.19555555555556,74.24,67.72888888888889,False,1.0,CIE76
10.034072399139404,1756358206.513633,21.4,21.4,21.4,-20.0,-7.4,1.5,7.6,0,30.0,-7.4,1.5,58.48888888888889,73.79666666666667,68.05,False,1.0,CIE76
10.180333614349365,1756358206.6598942,21.3,21.3,21.3,-20.0,-7.1,1.2,7.2,0,30.0,-7.1,1.2,58.87111111111111,73.63555555555556,68.33111111111111,False,1.0,CIE76
10.288698434829712,1756358206.768259,21.4,21.4,21.4,-20.0,-7.6,1.4,7.8,0,30.0,-7.6,1.4,58.16,73.94555555555556,68.07,False,1.0,CIE76
10.410775899887085,1756358206.8903365,21.4,21.4,21.4,-19.9,-7.7,1.5,7.9,0,30.1,-7.7,1.5,58.297777777777775,74.24777777777778,68.20111111111112,False,1.0,CIE76
10.53800916671753,1756358207.0175698,21.2,21.2,21.2,-19.8,-7.4,1.3,7.5,0,30.2,-7.4,1.3,58.888888888888886,74.39111111111112,68.77666666666667,False,1.0,CIE76
10.656567573547363,1756358207.1361282,21.1,21.1,21.1,-19.6,-7.6,1.5,7.8,0,30.4,-7.6,1.5,58.964444444444446,74.76,68.83888888888889,False,1.0,CIE76
10.79673981666565,1756358207.2763004,20.9,20.9,20.9,-19.4,-7.8,1.5,7.9,0,30.6,-7.8,1.5,59.38666666666666,75.47222222222223,69.46777777777778,False,1.0,CIE76
10.90975284576416,1756358207.3893135,20.8,20.8,20.8,-19.2,-7.8,1.7,8.0,0,30.8,-7.8,1.7,59.89333333333333,75.89,69.47222222222223,False,1.0,CIE76
11.04170536994934,1756358207.521266,21.1,21.1,21.1,-19.5,-7.9,1.6,8.1,0,30.5,-7.9,1.6,58.964444444444446,75.24,68.93222222222222,False,1.0,CIE76
11.163846969604492,1756358207.6434076,21.1,21.1,21.1,-19.7,-7.5,1.5,7.7,0,30.3,-7.5,1.5,59.09777777777778,74.60555555555555,68.75111111111111,False,1.0,CIE76
11.308595895767212,1756358207.7881565,21.2,21.2,21.2,-19.9,-7.2,1.1,7.3,0,30.1,-7.2,1.1,59.03111111111111,74.07666666666667,68.93888888888888,False,1.0,CIE76
11.43599557876587,1756358207.9155562,21.3,21.3,21.3,-19.8,-7.5,1.6,7.7,0,30.2,-7.5,1.6,58.937777777777775,74.25666666666666,68.16333333333333,False,1.0,CIE76
11.550209522247314,1756358208.0297701,21.4,21.4,21.4,-19.8,-7.7,1.9,7.9,0,30.2,-7.7,1.9,58.81333333333333,74.35111111111111,67.81111111111112,False,1.0,CIE76
11.675031900405884,1756358208.1545925,21.2,21.2,21.2,-19.8,-7.4,1.3,7.5,0,30.2,-7.4,1.3,58.78666666666667,74.24,68.63777777777777,False,1.0,CIE76
11.805394887924194,1756358208.2849555,21.1,21.1,21.1,-19.7,-7.4,1.1,7.5,0,30.3,-7.4,1.1,58.977777777777774,74.52666666666667,69.20555555555555,False,1.0,CIE76
11.920468807220459,1756358208.4000294,21.3,21.3,21.3,-19.8,-7.6,1.7,7.8,0,30.2,-7.6,1.7,58.88444444444445,74.44333333333333,68.16222222222223,False,1.0,CIE76
12.041070699691772,1756358208.5206313,21.4,21.4,21.4,-20.0,-7.3,1.4,7.5,0,30.0,-7.3,1.4,58.54222222222222,73.75444444444445,68.11777777777777,False,1.0,CIE76
12.188558101654053,1756358208.6681187,21.5,21.5,21.5,-20.2,-7.4,1.5,7.6,0,29.8,-7.4,1.5,58.12888888888889,73.44666666666667,67.58,False,1.0,CIE76
12.291531801223755,1756358208.7710924,21.6,21.6,21.6,-20.3,-7.2,1.6,7.3,0,29.7,-7.2,1.6,58.39111111111111,72.99888888888889,67.19666666666667,False,1.0,CIE76
12.407660961151123,1756358208.8872216,21.8,21.8,21.8,-20.4,-7.5,1.8,7.7,0,29.6,-7.5,1.8,57.76,72.94222222222223,66.67333333333333,False,1.0,CIE76
12.542319297790527,1756358209.02188,22.1,22.1,22.1,-20.8,-7.3,1.5,7.5,0,29.2,-7.3,1.5,57.06666666666667,72.02111111111111,66.21222222222222,False,1.0,CIE76
12.658548593521118,1756358209.1381092,22.2,22.2,22.2,-21.0,-7.3,1.5,7.4,0,29.0,-7.3,1.5,56.644444444444446,71.55666666666667,65.87777777777778,False,1.0,CIE76
12.796006202697754,1756358209.2755668,22.5,22.5,22.5,-21.4,-6.9,1.2,7.0,0,28.6,-6.9,1.2,56.24,70.31333333333333,65.28,False,1.0,CIE76
12.93837857246399,1756358209.4179392,22.8,22.8,22.8,-21.5,-7.4,1.7,7.6,0,28.5,-7.4,1.7,55.586666666666666,70.45222222222222,64.34666666666666,False,1.0,CIE76
13.035605669021606,1756358209.5151663,23.0,23.0,23.0,-21.7,-7.4,1.9,7.7,0,28.3,-7.4,1.9,55.266666666666666,70.0,63.693333333333335,False,1.0,CIE76
13.179553508758545,1756358209.6591141,22.1,22.1,22.1,-20.8,-7.4,1.8,7.6,0,29.2,-7.4,1.8,57.062222222222225,71.99,65.75777777777778,False,1.0,CIE76
13.288761615753174,1756358209.7683222,22.2,22.2,22.2,-20.7,-7.8,1.9,8.0,0,29.3,-7.8,1.9,56.66222222222222,72.22111111111111,65.65444444444445,False,1.0,CIE76
13.418744564056396,1756358209.8983052,22.0,22.0,22.0,-20.7,-7.3,1.6,7.5,0,29.3,-7.3,1.6,57.33777777777778,72.2911111111111,66.41111111111111,False,1.0,CIE76
13.545046091079712,1756358210.0246067,22.2,22.2,22.2,-20.8,-7.6,1.7,7.8,0,29.2,-7.6,1.7,56.666666666666664,72.14111111111112,65.95222222222222,False,1.0,CIE76
13.688418865203857,1756358210.1679795,21.9,21.9,21.9,-20.6,-7.3,1.2,7.4,0,29.4,-7.3,1.2,57.03111111111111,72.32888888888888,67.00777777777778,False,1.0,CIE76
13.789392709732056,1756358210.2689533,22.2,22.2,22.2,-20.7,-7.6,1.7,7.8,0,29.3,-7.6,1.7,56.693333333333335,72.16666666666667,66.00555555555556,False,1.0,CIE76
13.921548843383789,1756358210.4011095,22.1,22.1,22.1,-20.8,-7.4,1.6,7.5,0,29.2,-7.4,1.6,56.986666666666665,72.02222222222223,66.0988888888889,False,1.0,CIE76
14.046701192855835,1756358210.5262618,21.9,21.9,21.9,-20.6,-7.2,1.5,7.3,0,29.4,-7.2,1.5,57.675555555555555,72.35666666666667,66.73555555555555,False,1.0,CIE76
14.17763066291809,1756358210.6571913,22.0,22.0,22.0,-20.6,-7.6,1.6,7.8,0,29.4,-7.6,1.6,56.92888888888889,72.43111111111111,66.49444444444444,False,1.0,CIE76
14.295024394989014,1756358210.774585,22.1,22.1,22.1,-20.7,-7.6,1.5,7.7,0,29.3,-7.6,1.5,56.80888888888889,72.31666666666666,66.41222222222223,False,1.0,CIE76
14.432510137557983,1756358210.9120708,21.9,21.9,21.9,-20.6,-7.3,1.2,7.4,0,29.4,-7.3,1.2,57.2,72.48444444444445,67.15,False,1.0,CIE76
14.556577205657959,1756358211.0361378,21.8,21.8,21.8,-20.6,-7.0,1.0,7.1,0,29.4,-7.0,1.0,57.653333333333336,72.29666666666667,67.36,False,1.0,CIE76
14.679290533065796,1756358211.1588511,22.0,22.0,22.0,-20.6,-7.5,1.6,7.7,0,29.4,-7.5,1.6,57.22666666666667,72.55444444444444,66.59,False,1.0,CIE76
14.81647539138794,1756358211.296036,22.5,22.5,22.5,-21.2,-7.4,1.4,7.5,0,28.8,-7.4,1.4,55.89333333333333,71.02888888888889,65.44333333333333,False,1.0,CIE76
14.930363655090332,1756358211.4099243,21.8,21.8,21.8,-20.6,-7.0,1.0,7.1,0,29.4,-7.0,1.0,57.48444444444444,72.30888888888889,67.45111111111112,False,1.0,CIE76
15.066717863082886,1756358211.5462785,21.8,21.8,21.8,-20.5,-7.2,1.4,7.4,0,29.5,-7.2,1.4,57.76888888888889,72.61,67.03222222222222,False,1.0,CIE76
15.164248943328857,1756358211.6438096,22.2,22.2,22.2,-20.7,-7.8,1.6,8.0,0,29.3,-7.8,1.6,56.297777777777775,72.31666666666666,66.2688888888889,False,1.0,CIE76
15.301003456115723,1756358211.780564,22.5,22.5,22.5,-21.2,-7.3,1.4,7.5,0,28.8,-7.3,1.4,55.964444444444446,71.03777777777778,65.40666666666667,False,1.0,CIE76
15.42549991607666,1756358211.9050605,22.0,22.0,22.0,-20.6,-7.6,1.5,7.7,0,29.4,-7.6,1.5,57.08,72.56333333333333,66.64111111111112,False,1.0,CIE76
15.540372371673584,1756358212.019933,21.8,21.8,21.8,-20.6,-7.1,1.3,7.2,0,29.4,-7.1,1.3,57.74666666666667,72.38777777777777,67.05111111111111,False,1.0,CIE76
15.67952036857605,1756358212.159081,21.9,21.9,21.9,-20.6,-7.3,1.4,7.4,0,29.4,-7.3,1.4,57.44444444444444,72.51,66.93555555555555,False,1.0,CIE76
15.80281376838684,1756358212.2823744,22.0,22.0,22.0,-20.6,-7.4,1.4,7.5,0,29.4,-7.4,1.4,57.2,72.33555555555556,66.67444444444445,False,1.0,CIE76
15.926074743270874,1756358212.4056354,21.9,21.9,21.9,-20.5,-7.6,1.6,7.7,0,29.5,-7.6,1.6,57.20444444444444,72.63555555555556,66.58777777777777,False,1.0,CIE76
16.03723692893982,1756358212.5167975,22.1,22.1,22.1,-20.9,-7.1,1.1,7.2,0,29.1,-7.1,1.1,56.86666666666667,71.74333333333334,66.72,False,1.0,CIE76
16.17555522918701,1756358212.6551158,22.5,22.5,22.5,-21.2,-7.5,1.4,7.7,0,28.8,-7.5,1.4,55.72888888888889,71.16888888888889,65.46666666666667,False,1.0,CIE76
16.291138887405396,1756358212.7706995,22.7,22.7,22.7,-21.5,-7.3,1.3,7.4,0,28.5,-7.3,1.3,55.43555555555555,70.41444444444444,65.05333333333333,False,1.0,CIE76
16.420881032943726,1756358212.9004416,22.9,22.9,22.9,-21.6,-7.5,1.6,7.6,0,28.4,-7.5,1.6,54.973333333333336,70.10777777777778,64.12777777777778,False,1.0,CIE76
16.535945892333984,1756358213.0155065,23.2,23.2,23.2,-22.0,-7.2,1.6,7.4,0,28.0,-7.2,1.6,54.53333333333333,69.14333333333333,63.25555555555555,False,1.0,CIE76
16.666815996170044,1756358213.1463766,23.8,23.8,23.8,-22.4,-7.9,2.0,8.1,0,27.6,-7.9,2.0,52.82222222222222,68.57444444444444,61.96888888888889,False,1.0,CIE76
16.805873155593872,1756358213.2854338,23.4,23.4,23.4,-22.2,-7.0,1.4,7.2,0,27.8,-7.0,1.4,54.17777777777778,68.55111111111111,63.132222222222225,False,1.0,CIE76
16.913783311843872,1756358213.393344,23.4,23.4,23.4,-22.1,-7.5,1.9,7.8,0,27.9,-7.5,1.9,53.973333333333336,69.08555555555556,62.76444444444444,False,1.0,CIE76
17.049063682556152,1756358213.5286243,23.3,23.3,23.3,-22.0,-7.5,1.6,7.6,0,28.0,-7.5,1.6,54.093333333333334,69.25,63.39333333333333,False,1.0,CIE76
17.16255807876587,1756358213.6421187,23.0,23.0,23.0,-21.7,-7.5,1.7,7.7,0,28.3,-7.5,1.7,54.79555555555555,69.94666666666667,63.78,False,1.0,CIE76
17.292141437530518,1756358213.771702,22.6,22.6,22.6,-21.4,-7.3,1.4,7.5,0,28.6,-7.3,1.4,55.653333333333336,70.70111111111112,65.11333333333333,False,1.0,CIE76
17.414585828781128,1756358213.8941464,22.4,22.4,22.4,-21.1,-7.5,1.4,7.7,0,28.9,-7.5,1.4,55.86222222222222,71.44666666666667,65.78666666666666,False,1.0,CIE76
17.554786682128906,1756358214.0343473,22.5,22.5,22.5,-21.1,-7.6,1.5,7.7,0,28.9,-7.6,1.5,55.74666666666667,71.33555555555556,65.51555555555555,False,1.0,CIE76
17.661194801330566,1756358214.1407554,22.5,22.5,22.5,-21.2,-7.4,1.2,7.5,0,28.8,-7.4,1.2,55.77777777777778,71.05888888888889,65.75111111111111,False,1.0,CIE76
17.79641079902649,1756358214.2759714,22.5,22.5,22.5,-21.3,-7.3,1.3,7.4,0,28.7,-7.3,1.3,55.77777777777778,70.86,65.41888888888889,False,1.0,CIE76
17.910836219787598,1756358214.3903968,22.3,22.3,22.3,-21.0,-7.4,1.4,7.6,0,29.0,-7.4,1.4,56.32888888888889,71.59444444444445,65.88555555555556,False,1.0,CIE76
18.04549217224121,1756358214.5250528,22.3,22.3,22.3,-21.0,-7.2,1.3,7.3,0,29.0,-7.2,1.3,56.422222222222224,71.34222222222222,66.0188888888889,False,1.0,CIE76
18.19739294052124,1756358214.6769536,22.3,22.3,22.3,-21.0,-7.4,1.5,7.5,0,29.0,-7.4,1.5,56.46222222222222,71.54,65.80222222222223,False,1.0,CIE76
18.292603731155396,1756358214.7721643,22.3,22.3,22.3,-21.1,-7.2,1.1,7.3,0,28.9,-7.2,1.1,56.24888888888889,71.28555555555556,66.10777777777778,False,1.0,CIE76
18.412301301956177,1756358214.891862,22.6,22.6,22.6,-21.4,-7.1,1.3,7.2,0,28.6,-7.1,1.3,55.88444444444445,70.46888888888888,65.08666666666667,False,1.0,CIE76
18.542240858078003,1756358215.0218015,22.7,22.7,22.7,-21.5,-7.3,1.1,7.4,0,28.5,-7.3,1.1,55.18222222222222,70.37,65.27666666666667,False,1.0,CIE76
18.67636275291443,1756358215.1559234,22.6,22.6,22.6,-21.3,-7.4,1.4,7.5,0,28.7,-7.4,1.4,55.60444444444445,70.72555555555556,65.14777777777778,False,1.0,CIE76
18.785693883895874,1756358215.2652545,22.4,22.4,22.4,-21.0,-7.5,1.3,7.7,0,29.0,-7.5,1.3,55.77777777777778,71.49,66.01333333333334,False,1.0,CIE76
18.93415927886963,1756358215.41372,22.2,22.2,22.2,-20.9,-7.5,1.2,7.6,0,29.1,-7.5,1.2,56.23555555555556,71.77,66.35888888888888,False,1.0,CIE76
19.04303479194641,1756358215.5225954,22.7,22.7,22.7,-21.4,-7.5,1.5,7.6,0,28.6,-7.5,1.5,55.36888888888889,70.62444444444445,64.85,False,1.0,CIE76
19.16388201713562,1756358215.6434426,22.6,22.6,22.6,-21.4,-7.4,1.2,7.5,0,28.6,-7.4,1.2,55.29333333333334,70.70777777777778,65.41555555555556,False,1.0,CIE76
19.29529309272766,1756358215.7748537,22.6,22.6,22.6,-21.2,-7.6,1.5,7.7,0,28.8,-7.6,1.5,55.50222222222222,71.11,65.36666666666666,False,1.0,CIE76
19.43443202972412,1756358215.9139926,22.6,22.6,22.6,-21.3,-7.3,1.3,7.4,0,28.7,-7.3,1.3,55.70666666666666,70.74777777777778,65.25,False,1.0,CIE76
19.544585466384888,1756358216.024146,22.5,22.5,22.5,-21.3,-7.1,1.2,7.2,0,28.7,-7.1,1.2,55.93333333333333,70.75333333333333,65.60666666666667,False,1.0,CIE76
19.676555395126343,1756358216.156116,22.5,22.5,22.5,-21.3,-7.0,1.0,7.1,0,28.7,-7.0,1.0,56.035555555555554,70.62,65.74111111111111,False,1.0,CIE76
19.791465044021606,1756358216.2710257,22.5,22.5,22.5,-21.3,-7.0,1.1,7.1,0,28.7,-7.0,1.1,56.07111111111111,70.70444444444445,65.74888888888889,False,1.0,CIE76
19.94855046272278,1756358216.428111,22.3,22.3,22.3,-21.1,-7.1,0.9,7.2,0,28.9,-7.1,0.9,56.16444444444444,71.22111111111111,66.50444444444445,False,1.0,CIE76
20.045641899108887,1756358216.5252025,22.3,22.3,22.3,-21.0,-7.4,1.0,7.5,0,29.0,-7.4,1.0,55.81333333333333,71.44,66.32888888888888,False,1.0,CIE76
20.188562631607056,1756358216.6681232,22.3,22.3,22.3,-21.0,-7.4,1.3,7.5,0,29.0,-7.4,1.3,56.23555555555556,71.53222222222222,66.02444444444444,False,1.0,CIE76
20.289324283599854,1756358216.768885,22.4,22.4,22.4,-21.1,-7.4,1.4,7.5,0,28.9,-7.4,1.4,56.13777777777778,71.31444444444445,65.70333333333333,False,1.0,CIE76
20.434813499450684,1756358216.914374,22.2,22.2,22.2,-21.0,-7.2,1.1,7.3,0,29.0,-7.2,1.1,56.36888888888889,71.45222222222222,66.30777777777777,False,1.0,CIE76
20.54422879219055,1756358217.0237894,22.2,22.2,22.2,-21.1,-7.0,1.3,7.1,0,28.9,-7.0,1.3,56.92444444444445,71.18666666666667,65.89222222222222,False,1.0,CIE76
20.659790515899658,1756358217.1393511,22.3,22.3,22.3,-20.9,-7.6,1.3,7.7,0,29.1,-7.6,1.3,55.95111111111111,71.72888888888889,66.22222222222223,False,1.0,CIE76
20.79293656349182,1756358217.2724972,22.2,22.2,22.2,-20.9,-7.3,1.4,7.5,0,29.1,-7.3,1.4,56.675555555555555,71.73,66.16888888888889,False,1.0,CIE76
20.911514043807983,1756358217.3910747,22.2,22.2,22.2,-20.9,-7.4,1.2,7.5,0,29.1,-7.4,1.2,56.49777777777778,71.87444444444445,66.53555555555556,False,1.0,CIE76
21.048426151275635,1756358217.5279868,22.0,22.0,22.0,-20.9,-6.9,0.9,7.0,0,29.1,-6.9,0.9,57.044444444444444,71.68888888888888,67.03666666666666,False,1.0,CIE76
21.179428815841675,1756358217.6589894,22.2,22.2,22.2,-21.0,-7.0,1.1,7.1,0,29.0,-7.0,1.1,56.724444444444444,71.31444444444445,66.35333333333334,False,1.0,CIE76
21.294100999832153,1756358217.7736616,22.0,22.0,22.0,-20.8,-7.1,1.1,7.2,0,29.2,-7.1,1.1,57.05777777777778,72.00222222222222,66.91222222222223,False,1.0,CIE76
21.44650888442993,1756358217.9260695,22.2,22.2,22.2,-20.8,-7.5,1.6,7.7,0,29.2,-7.5,1.6,56.66222222222222,72.05888888888889,66.07111111111111,False,1.0,CIE76
21.537612438201904,1756358218.017173,22.2,22.2,22.2,-20.9,-7.4,1.2,7.5,0,29.1,-7.4,1.2,56.284444444444446,71.71555555555555,66.46888888888888,False,1.0,CIE76
21.689953088760376,1756358218.1695137,22.2,22.2,22.2,-20.9,-7.3,1.1,7.4,0,29.1,-7.3,1.1,56.51111111111111,71.71333333333334,66.51555555555555,False,1.0,CIE76
21.796836614608765,1756358218.2763972,22.1,22.1,22.1,-20.9,-7.2,1.4,7.3,0,29.1,-7.2,1.4,57.035555555555554,71.66333333333333,66.17888888888889,False,1.0,CIE76
21.937281370162964,1756358218.416842,22.4,22.4,22.4,-21.1,-7.3,1.5,7.4,0,28.9,-7.3,1.5,56.422222222222224,71.2311111111111,65.49222222222222,False,1.0,CIE76
22.06757426261902,1756358218.5471349,22.2,22.2,22.2,-21.0,-7.2,1.2,7.3,0,29.0,-7.2,1.2,56.635555555555555,71.40888888888888,66.1511111111111,False,1.0,CIE76
22.1805362701416,1756358218.660097,22.4,22.4,22.4,-21.2,-7.2,1.1,7.2,0,28.8,-7.2,1.1,56.07111111111111,71.07666666666667,66.06333333333333,False,1.0,CIE76
22.29106593132019,1756358218.7706265,22.7,22.7,22.7,-21.4,-7.4,1.5,7.5,0,28.6,-7.4,1.5,55.55111111111111,70.63888888888889,64.87444444444445,False,1.0,CIE76
22.429346799850464,1756358218.9089074,22.6,22.6,22.6,-21.4,-7.3,1.3,7.4,0,28.6,-7.3,1.3,55.626666666666665,70.54666666666667,65.05777777777777,False,1.0,CIE76
22.561241388320923,1756358219.040802,22.6,22.6,22.6,-21.4,-7.3,1.1,7.3,0,28.6,-7.3,1.1,55.54222222222222,70.65555555555555,65.51222222222222,False,1.0,CIE76
22.69734239578247,1756358219.176903,22.7,22.7,22.7,-21.4,-7.6,1.4,7.7,0,28.6,-7.6,1.4,55.10666666666667,70.76555555555555,65.01,False,1.0,CIE76
22.80377221107483,1756358219.2833328,22.6,22.6,22.6,-21.4,-7.2,1.2,7.3,0,28.6,-7.2,1.2,55.72,70.53222222222222,65.35666666666667,False,1.0,CIE76
22.938764572143555,1756358219.4183252,22.6,22.6,22.6,-21.3,-7.4,1.6,7.5,0,28.7,-7.4,1.6,55.86666666666667,70.85888888888888,65.02111111111111,False,1.0,CIE76
23.035496950149536,1756358219.5150576,22.4,22.4,22.4,-21.2,-7.0,1.3,7.1,0,28.8,-7.0,1.3,56.45333333333333,70.87222222222222,65.61111111111111,False,1.0,CIE76
23.175676107406616,1756358219.6552367,22.6,22.6,22.6,-21.3,-7.4,1.3,7.5,0,28.7,-7.4,1.3,55.666666666666664,70.82777777777778,65.3788888888889,False,1.0,CIE76
23.3068425655365,1756358219.7864032,22.5,22.5,22.5,-21.3,-7.2,1.4,7.3,0,28.7,-7.2,1.4,56.13777777777778,70.80555555555556,65.3711111111111,False,1.0,CIE76
23.419549703598022,1756358219.8991103,22.4,22.4,22.4,-21.2,-7.0,1.3,7.1,0,28.8,-7.0,1.3,56.55555555555556,70.88555555555556,65.57444444444444,False,1.0,CIE76
23.599276781082153,1756358220.0788374,22.6,22.6,22.6,-21.2,-7.7,1.6,7.8,0,28.8,-7.7,1.6,55.57333333333333,71.13333333333334,65.05333333333333,False,1.0,CIE76
23.716658353805542,1756358220.196219,22.6,22.6,22.6,-21.3,-7.3,1.3,7.4,0,28.7,-7.3,1.3,55.54222222222222,70.72666666666667,65.32666666666667,False,1.0,CIE76
23.806251287460327,1756358220.285812,22.8,22.8,22.8,-21.5,-7.3,1.3,7.4,0,28.5,-7.3,1.3,55.2,70.24,64.88222222222223,False,1.0,CIE76
23.920440912246704,1756358220.4000015,22.6,22.6,22.6,-21.4,-7.1,1.0,7.2,0,28.6,-7.1,1.0,55.68,70.52111111111111,65.71,False,1.0,CIE76
24.048105478286743,1756358220.527666,22.5,22.5,22.5,-21.2,-7.4,1.1,7.5,0,28.8,-7.4,1.1,55.56444444444445,71.07888888888888,65.86555555555556,False,1.0,CIE76
24.167654275894165,1756358220.647215,22.2,22.2,22.2,-21.0,-7.2,1.3,7.3,0,29.0,-7.2,1.3,56.724444444444444,71.51222222222222,66.16,False,1.0,CIE76
24.30757427215576,1756358220.787135,22.2,22.2,22.2,-20.9,-7.4,1.5,7.6,0,29.1,-7.4,1.5,56.41777777777778,71.74777777777778,65.96333333333334,False,1.0,CIE76
24.429635763168335,1756358220.9091964,22.2,22.2,22.2,-20.9,-7.3,1.3,7.4,0,29.1,-7.3,1.3,56.577777777777776,71.72555555555556,66.30555555555556,False,1.0,CIE76
24.57345676422119,1756358221.0530174,22.3,22.3,22.3,-20.9,-7.7,1.6,7.8,0,29.1,-7.7,1.6,56.16,71.78333333333333,65.77222222222223,False,1.0,CIE76
24.677220344543457,1756358221.156781,22.2,22.2,22.2,-20.9,-7.5,1.4,7.7,0,29.1,-7.5,1.4,56.324444444444445,71.85,66.18,False,1.0,CIE76
24.82013249397278,1756358221.299693,21.9,21.9,21.9,-20.7,-6.9,1.3,7.0,0,29.3,-6.9,1.3,57.684444444444445,71.95444444444445,66.73333333333333,False,1.0,CIE76
24.951262950897217,1756358221.4308236,22.1,22.1,22.1,-20.9,-7.2,1.2,7.3,0,29.1,-7.2,1.2,56.733333333333334,71.74222222222222,66.54555555555555,False,1.0,CIE76
25.045289039611816,1756358221.5248497,22.2,22.2,22.2,-21.0,-7.3,1.4,7.4,0,29.0,-7.3,1.4,56.6,71.53555555555556,66.01222222222222,False,1.0,CIE76
25.175048112869263,1756358221.6546087,22.3,22.3,22.3,-21.0,-7.5,1.1,7.6,0,29.0,-7.5,1.1,56.026666666666664,71.63333333333334,66.38555555555556,False,1.0,CIE76
25.289464950561523,1756358221.7690256,22.2,22.2,22.2,-21.0,-7.1,1.1,7.2,0,29.0,-7.1,1.1,56.55111111111111,71.31777777777778,66.31444444444445,False,1.0,CIE76
25.42579936981201,1756358221.90536,22.3,22.3,22.3,-20.9,-7.4,1.4,7.6,0,29.1,-7.4,1.4,56.32,71.66666666666667,66.06111111111112,False,1.0,CIE76
25.56633758544922,1756358222.0458982,22.4,22.4,22.4,-21.1,-7.2,1.3,7.3,0,28.9,-7.2,1.3,56.21333333333333,71.13,65.7611111111111,False,1.0,CIE76
25.68503761291504,1756358222.1645982,22.1,22.1,22.1,-20.9,-7.0,1.3,7.2,0,29.1,-7.0,1.3,57.04,71.49777777777778,66.15444444444445,False,1.0,CIE76
25.818788766860962,1756358222.2983494,22.1,22.1,22.1,-20.8,-7.3,1.3,7.4,0,29.2,-7.3,1.3,56.77777777777778,71.89888888888889,66.43222222222222,False,1.0,CIE76
25.938894748687744,1756358222.4184554,22.2,22.2,22.2,-21.0,-7.1,1.3,7.3,0,29.0,-7.1,1.3,56.83111111111111,71.5111111111111,66.13333333333334,False,1.0,CIE76
26.051158905029297,1756358222.5307195,22.1,22.1,22.1,-20.9,-7.2,1.5,7.4,0,29.1,-7.2,1.5,56.964444444444446,71.71,66.09222222222222,False,1.0,CIE76
26.18694519996643,1756358222.6665058,22.1,22.1,22.1,-20.8,-7.4,1.5,7.5,0,29.2,-7.4,1.5,56.89333333333333,71.94111111111111,66.13222222222223,False,1.0,CIE76
26.303131341934204,1756358222.782692,22.2,22.2,22.2,-21.0,-7.3,1.1,7.3,0,29.0,-7.3,1.1,56.45777777777778,71.53444444444445,66.39888888888889,False,1.0,CIE76
26.44816565513611,1756358222.9277263,22.2,22.2,22.2,-20.9,-7.3,1.3,7.4,0,29.1,-7.3,1.3,56.617777777777775,71.67555555555556,66.19,False,1.0,CIE76
26.550957202911377,1756358223.0305178,22.3,22.3,22.3,-21.1,-7.2,1.2,7.3,0,28.9,-7.2,1.2,56.373333333333335,71.21888888888888,66.02111111111111,False,1.0,CIE76
26.68783974647522,1756358223.1674004,22.3,22.3,22.3,-21.0,-7.5,1.4,7.6,0,29.0,-7.5,1.4,56.16,71.58444444444444,65.92222222222222,False,1.0,CIE76
26.813286066055298,1756358223.2928467,22.3,22.3,22.3,-21.0,-7.2,1.1,7.3,0,29.0,-7.2,1.1,56.355555555555554,71.38444444444444,66.31555555555556,False,1.0,CIE76
26.951462268829346,1756358223.431023,22.3,22.3,22.3,-21.0,-7.5,1.4,7.6,0,29.0,-7.5,1.4,56.11555555555555,71.58888888888889,65.88222222222223,False,1.0,CIE76
27.055159330368042,1756358223.53472,22.3,22.3,22.3,-20.9,-7.5,1.6,7.7,0,29.1,-7.5,1.6,56.49777777777778,71.79888888888888,65.8488888888889,False,1.0,CIE76
27.18212628364563,1756358223.661687,22.1,22.1,22.1,-20.9,-7.0,1.1,7.1,0,29.1,-7.0,1.1,57.035555555555554,71.66222222222223,66.63111111111111,False,1.0,CIE76
27.29072141647339,1756358223.770282,22.1,22.1,22.1,-20.9,-7.2,1.1,7.3,0,29.1,-7.2,1.1,56.61333333333333,71.69,66.55777777777777,False,1.0,CIE76
27.42442011833191,1756358223.9039807,22.1,22.1,22.1,-20.9,-7.0,1.0,7.0,0,29.1,-7.0,1.0,56.91555555555556,71.5,66.71888888888888,False,1.0,CIE76
27.565560817718506,1756358224.0451214,22.3,22.3,22.3,-20.8,-7.7,1.7,7.9,0,29.2,-7.7,1.7,56.35111111111111,72.08777777777777,65.91888888888889,False,1.0,CIE76
27.707968711853027,1756358224.1875293,22.3,22.3,22.3,-21.0,-7.5,1.4,7.6,0,29.0,-7.5,1.4,56.18666666666667,71.65777777777778,65.96666666666667,False,1.0,CIE76
27.80159831047058,1756358224.281159,22.2,22.2,22.2,-20.9,-7.3,1.2,7.3,0,29.1,-7.3,1.2,56.55111111111111,71.61888888888889,66.41111111111111,False,1.0,CIE76
27.92110800743103,1756358224.4006686,22.3,22.3,22.3,-20.9,-7.6,1.6,7.8,0,29.1,-7.6,1.6,56.38666666666666,71.84333333333333,65.77555555555556,False,1.0,CIE76
28.043978691101074,1756358224.5235393,22.4,22.4,22.4,-21.1,-7.3,1.0,7.3,0,28.9,-7.3,1.0,55.91555555555556,71.18222222222222,66.18555555555555,False,1.0,CIE76
28.187232971191406,1756358224.6667936,22.2,22.2,22.2,-21.0,-7.2,1.3,7.3,0,29.0,-7.2,1.3,56.715555555555554,71.49888888888889,66.06777777777778,False,1.0,CIE76
28.346002101898193,1756358224.8255627,22.3,22.3,22.3,-20.9,-7.4,1.3,7.5,0,29.1,-7.4,1.3,56.36888888888889,71.62444444444445,66.18666666666667,False,1.0,CIE76
28.42492175102234,1756358224.9044824,22.2,22.2,22.2,-20.9,-7.5,1.4,7.6,0,29.1,-7.5,1.4,56.49333333333333,71.86,66.18,False,1.0,CIE76
28.552676916122437,1756358225.0322375,22.3,22.3,22.3,-20.9,-7.6,1.5,7.8,0,29.1,-7.6,1.5,56.22222222222222,71.85888888888888,65.98777777777778,False,1.0,CIE76
28.71120023727417,1756358225.1907609,22.1,22.1,22.1,-20.9,-7.1,1.3,7.2,0,29.1,-7.1,1.3,56.973333333333336,71.69,66.34222222222222,False,1.0,CIE76
28.841744661331177,1756358225.3213053,22.2,22.2,22.2,-20.9,-7.4,1.3,7.5,0,29.1,-7.4,1.3,56.32,71.8,66.32333333333334,False,1.0,CIE76
28.927536010742188,1756358225.4070966,22.3,22.3,22.3,-21.0,-7.3,1.2,7.4,0,29.0,-7.3,1.2,56.32,71.48666666666666,66.19666666666667,False,1.0,CIE76
29.054800033569336,1756358225.5343606,22.3,22.3,22.3,-21.0,-7.4,1.5,7.6,0,29.0,-7.4,1.5,56.25333333333333,71.49777777777778,65.76444444444445,False,1.0,CIE76
29.176958799362183,1756358225.6565194,22.1,22.1,22.1,-20.8,-7.4,1.2,7.5,0,29.2,-7.4,1.2,56.684444444444445,71.99111111111111,66.66888888888889,False,1.0,CIE76
29.301028728485107,1756358225.7805893,22.2,22.2,22.2,-21.0,-7.2,1.2,7.3,0,29.0,-7.2,1.2,56.53777777777778,71.51666666666667,66.35222222222222,False,1.0,CIE76
29.42898201942444,1756358225.9085426,22.1,22.1,22.1,-20.8,-7.5,1.4,7.6,0,29.2,-7.5,1.4,56.653333333333336,71.98555555555555,66.33777777777777,False,1.0,CIE76
29.548202991485596,1756358226.0277636,22.1,22.1,22.1,-20.8,-7.5,1.4,7.7,0,29.2,-7.5,1.4,56.54222222222222,72.11111111111111,66.40333333333334,False,1.0,CIE76
29.663533449172974,1756358226.143094,22.0,22.0,22.0,-20.8,-7.1,1.2,7.2,0,29.2,-7.1,1.2,57.16444444444444,71.8488888888889,66.69444444444444,False,1.0,CIE76
29.805553913116455,1756358226.2851145,22.1,22.1,22.1,-20.8,-7.5,1.4,7.6,0,29.2,-7.5,1.4,56.68888888888889,72.03222222222222,66.28,False,1.0,CIE76
29.954413890838623,1756358226.4339745,22.2,22.2,22.2,-20.9,-7.1,1.2,7.2,0,29.1,-7.1,1.2,56.72,71.55777777777777,66.39444444444445,False,1.0,CIE76
30.06159257888794,1756358226.5411532,22.0,22.0,22.0,-20.8,-7.1,0.9,7.2,0,29.2,-7.1,0.9,56.791111111111114,71.87333333333333,67.07777777777778,False,1.0,CIE76
30.185643672943115,1756358226.6652043,21.9,21.9,21.9,-20.7,-7.2,1.2,7.3,0,29.3,-7.2,1.2,57.16888888888889,72.20666666666666,66.96777777777778,False,1.0,CIE76
30.29640817642212,1756358226.7759688,21.9,21.9,21.9,-20.5,-7.5,1.6,7.6,0,29.5,-7.5,1.6,57.40888888888889,72.58222222222223,66.64222222222222,False,1.0,CIE76
30.476234674453735,1756358226.9557953,22.0,22.0,22.0,-20.7,-7.3,1.1,7.4,0,29.3,-7.3,1.1,56.92,72.17222222222222,66.93777777777778,False,1.0,CIE76
30.601839303970337,1756358227.0814,21.9,21.9,21.9,-20.7,-7.2,1.1,7.3,0,29.3,-7.2,1.1,57.22666666666667,72.14666666666666,67.08444444444444,False,1.0,CIE76
30.695109605789185,1756358227.1746702,21.9,21.9,21.9,-20.6,-7.4,1.2,7.5,0,29.4,-7.4,1.2,56.92888888888889,72.50222222222222,67.17777777777778,False,1.0,CIE76
30.80518865585327,1756358227.2847493,22.0,22.0,22.0,-20.6,-7.5,1.2,7.6,0,29.4,-7.5,1.2,56.85777777777778,72.41777777777777,67.00222222222222,False,1.0,CIE76
30.91329526901245,1756358227.392856,21.9,21.9,21.9,-20.7,-7.1,1.2,7.2,0,29.3,-7.1,1.2,57.34222222222222,72.05666666666667,66.88111111111111,False,1.0,CIE76
31.055516481399536,1756358227.535077,22.0,22.0,22.0,-20.7,-7.2,1.2,7.3,0,29.3,-7.2,1.2,57.19111111111111,72.07777777777778,66.82666666666667,False,1.0,CIE76
31.18059802055359,1756358227.6601586,21.9,21.9,21.9,-20.7,-7.0,1.3,7.1,0,29.3,-7.0,1.3,57.626666666666665,71.94111111111111,66.69111111111111,False,1.0,CIE76
31.309324979782104,1756358227.7888856,22.1,22.1,22.1,-20.7,-7.5,1.6,7.6,0,29.3,-7.5,1.6,56.81777777777778,72.12777777777778,66.22222222222223,False,1.0,CIE76
31.41780948638916,1756358227.89737,22.0,22.0,22.0,-20.8,-7.0,1.0,7.1,0,29.2,-7.0,1.0,57.102222222222224,71.70666666666666,66.83888888888889,False,1.0,CIE76
31.562734127044678,1756358228.0422947,22.1,22.1,22.1,-20.8,-7.2,1.2,7.3,0,29.2,-7.2,1.2,56.95111111111111,71.76444444444445,66.47,False,1.0,CIE76
31.68281865119934,1756358228.1623793,22.1,22.1,22.1,-20.8,-7.3,1.4,7.4,0,29.2,-7.3,1.4,56.92888888888889,71.91333333333333,66.41888888888889,False,1.0,CIE76
31.79006028175354,1756358228.269621,22.0,22.0,22.0,-20.8,-7.0,1.1,7.1,0,29.2,-7.0,1.1,57.22222222222222,71.86888888888889,66.84222222222222,False,1.0,CIE76
31.925628900527954,1756358228.4051895,22.0,22.0,22.0,-20.7,-7.5,1.6,7.6,0,29.3,-7.5,1.6,57.13333333333333,72.27222222222223,66.28222222222222,False,1.0,CIE76
32.06058859825134,1756358228.5401492,22.0,22.0,22.0,-20.8,-7.2,1.1,7.3,0,29.2,-7.2,1.1,56.95111111111111,71.89444444444445,66.75222222222222,False,1.0,CIE76
32.16900444030762,1756358228.648565,22.0,22.0,22.0,-20.8,-7.0,1.1,7.1,0,29.2,-7.0,1.1,57.324444444444445,71.83111111111111,66.77777777777777,False,1.0,CIE76
32.305635929107666,1756358228.7851965,22.0,22.0,22.0,-20.7,-7.3,1.4,7.4,0,29.3,-7.3,1.4,57.05777777777778,72.09555555555555,66.49888888888889,False,1.0,CIE76
32.41702198982239,1756358228.8965826,22.0,22.0,22.0,-20.8,-7.0,1.3,7.1,0,29.2,-7.0,1.3,57.42666666666667,71.8411111111111,66.54222222222222,False,1.0,CIE76
32.557196855545044,1756358229.0367575,22.1,22.1,22.1,-20.8,-7.4,1.3,7.5,0,29.2,-7.4,1.3,56.568888888888885,71.93888888888888,66.46888888888888,False,1.0,CIE76
32.66944193840027,1756358229.1490026,22.1,22.1,22.1,-20.9,-7.2,1.2,7.3,0,29.1,-7.2,1.2,56.85777777777778,71.74555555555555,66.50222222222222,False,1.0,CIE76
32.80203676223755,1756358229.2815974,21.9,21.9,21.9,-20.8,-6.9,1.1,7.0,0,29.2,-6.9,1.1,57.373333333333335,71.76666666666667,66.87555555555555,False,1.0,CIE76
32.92589235305786,1756358229.405453,22.0,22.0,22.0,-20.8,-7.0,0.9,7.1,0,29.2,-7.0,0.9,57.12,71.89555555555556,67.09444444444445,False,1.0,CIE76
33.06425905227661,1756358229.5438197,22.0,22.0,22.0,-20.8,-7.0,0.9,7.1,0,29.2,-7.0,0.9,56.98222222222222,71.86222222222223,67.17222222222222,False,1.0,CIE76
33.1684992313385,1756358229.6480598,21.9,21.9,21.9,-20.8,-7.0,1.0,7.0,0,29.2,-7.0,1.0,57.36,71.86111111111111,66.98,False,1.0,CIE76
33.30380392074585,1756358229.7833645,22.0,22.0,22.0,-20.7,-7.4,1.6,7.6,0,29.3,-7.4,1.6,57.17777777777778,72.22222222222223,66.34,False,1.0,CIE76
33.417953968048096,1756358229.8975146,22.0,22.0,22.0,-20.6,-7.6,1.4,7.8,0,29.4,-7.6,1.4,56.66222222222222,72.45111111111112,66.72888888888889,False,1.0,CIE76
33.55545377731323,1756358230.0350144,22.0,22.0,22.0,-20.7,-7.4,1.6,7.6,0,29.3,-7.4,1.6,57.16444444444444,72.26666666666667,66.31444444444445,False,1.0,CIE76
33.66726613044739,1756358230.1468267,21.8,21.8,21.8,-20.8,-6.5,0.8,6.6,0,29.2,-6.5,0.8,57.91555555555556,71.60333333333334,67.16,False,1.0,CIE76
33.81709361076355,1756358230.2966542,22.0,22.0,22.0,-20.8,-7.1,1.1,7.2,0,29.2,-7.1,1.1,57.14666666666667,71.96888888888888,66.92333333333333,False,1.0,CIE76
33.927191734313965,1756358230.4067523,22.0,22.0,22.0,-20.7,-7.4,1.4,7.5,0,29.3,-7.4,1.4,57.026666666666664,72.1211111111111,66.5,False,1.0,CIE76
34.04125928878784,1756358230.52082,22.1,22.1,22.1,-20.8,-7.3,1.3,7.4,0,29.2,-7.3,1.3,56.85333333333333,71.83888888888889,66.38,False,1.0,CIE76
34.169195890426636,1756358230.6487565,22.1,22.1,22.1,-20.9,-7.1,1.1,7.2,0,29.1,-7.1,1.1,56.782222222222224,71.58222222222223,66.52111111111111,False,1.0,CIE76
34.31172180175781,1756358230.7912824,22.2,22.2,22.2,-20.9,-7.6,1.5,7.7,0,29.1,-7.6,1.5,56.46222222222222,71.90666666666667,66.00222222222222,False,1.0,CIE76
34.41733145713806,1756358230.896892,22.2,22.2,22.2,-21.0,-7.1,1.3,7.2,0,29.0,-7.1,1.3,56.89333333333333,71.46777777777778,66.0911111111111,False,1.0,CIE76
34.55550527572632,1756358231.035066,22.3,22.3,22.3,-21.0,-7.4,1.6,7.6,0,29.0,-7.4,1.6,56.46222222222222,71.50888888888889,65.58444444444444,False,1.0,CIE76
34.66923713684082,1756358231.1487978,22.3,22.3,22.3,-21.0,-7.3,1.4,7.4,0,29.0,-7.3,1.4,56.586666666666666,71.47222222222223,65.89555555555556,False,1.0,CIE76
34.79777669906616,1756358231.2773373,22.2,22.2,22.2,-21.0,-7.1,1.3,7.2,0,29.0,-7.1,1.3,56.81777777777778,71.39,65.98666666666666,False,1.0,CIE76
34.923635482788086,1756358231.403196,22.2,22.2,22.2,-21.1,-6.8,1.1,6.9,0,28.9,-6.8,1.1,57.035555555555554,71.12666666666667,66.17888888888889,False,1.0,CIE76
35.04677939414978,1756358231.52634,22.3,22.3,22.3,-21.0,-7.3,1.6,7.5,0,29.0,-7.3,1.6,56.644444444444446,71.51444444444445,65.66,False,1.0,CIE76
35.16621208190918,1756358231.6457727,22.3,22.3,22.3,-21.0,-7.5,1.4,7.6,0,29.0,-7.5,1.4,56.07555555555555,71.5,65.88888888888889,False,1.0,CIE76
35.29397368431091,1756358231.7735343,22.3,22.3,22.3,-21.1,-7.1,1.2,7.2,0,28.9,-7.1,1.2,56.44,71.31555555555556,66.18222222222222,False,1.0,CIE76
35.44541668891907,1756358231.9249773,22.4,22.4,22.4,-21.0,-7.5,1.4,7.7,0,29.0,-7.5,1.4,55.98222222222222,71.49222222222222,65.83666666666667,False,1.0,CIE76
35.54664373397827,1756358232.0262043,22.3,22.3,22.3,-21.1,-7.0,1.0,7.1,0,28.9,-7.0,1.0,56.355555555555554,71.08666666666667,66.22444444444444,False,1.0,CIE76
35.67421889305115,1756358232.1537795,22.4,22.4,22.4,-21.1,-7.5,1.7,7.7,0,28.9,-7.5,1.7,56.315555555555555,71.40555555555555,65.25,False,1.0,CIE76
35.79283118247986,1756358232.2723918,22.3,22.3,22.3,-21.1,-7.1,1.2,7.3,0,28.9,-7.1,1.2,56.471111111111114,71.27111111111111,66.03666666666666,False,1.0,CIE76
35.93472385406494,1756358232.4142845,22.4,22.4,22.4,-21.1,-7.2,1.6,7.4,0,28.9,-7.2,1.6,56.644444444444446,71.19777777777777,65.38222222222223,False,1.0,CIE76
36.045841217041016,1756358232.5254018,22.4,22.4,22.4,-21.1,-7.3,1.2,7.4,0,28.9,-7.3,1.2,56.044444444444444,71.19444444444444,65.95777777777778,False,1.0,CIE76
36.18340444564819,1756358232.662965,22.3,22.3,22.3,-21.1,-7.2,1.3,7.3,0,28.9,-7.2,1.3,56.355555555555554,71.20444444444445,65.85,False,1.0,CIE76
36.29184627532959,1756358232.771407,22.3,22.3,22.3,-21.1,-7.1,1.4,7.3,0,28.9,-7.1,1.4,56.65777777777778,71.23444444444445,65.77,False,1.0,CIE76
36.43082547187805,1756358232.910386,22.4,22.4,22.4,-21.1,-7.4,1.6,7.6,0,28.9,-7.4,1.6,56.13333333333333,71.29666666666667,65.37555555555555,False,1.0,CIE76
36.54351496696472,1756358233.0230756,22.6,22.6,22.6,-21.4,-7.2,2.0,7.5,0,28.6,-7.2,2.0,56.333333333333336,70.5911111111111,64.2311111111111,False,1.0,CIE76
36.680487632751465,1756358233.1600482,23.1,23.1,23.1,-21.7,-7.8,2.1,8.1,0,28.3,-7.8,2.1,54.62222222222222,70.11444444444444,63.39222222222222,False,1.0,CIE76
36.809080362319946,1756358233.288641,21.9,21.9,21.9,-20.7,-7.3,1.3,7.4,0,29.3,-7.3,1.3,57.31111111111111,72.22777777777777,66.80111111111111,False,1.0,CIE76
36.93177890777588,1756358233.4113395,21.2,21.2,21.2,-20.0,-7.0,1.1,7.1,0,30.0,-7.0,1.1,59.053333333333335,73.69888888888889,68.60333333333334,False,1.0,CIE76
37.04055428504944,1756358233.520115,20.8,20.8,20.8,-19.6,-7.1,1.0,7.2,0,30.4,-7.1,1.0,59.73777777777778,74.70555555555555,69.79777777777778,False,1.0,CIE76
37.17618179321289,1756358233.6557424,20.8,20.8,20.8,-19.4,-7.5,0.9,7.5,0,30.6,-7.5,0.9,59.37777777777778,75.31333333333333,70.28666666666666,False,1.0,CIE76
37.324108600616455,1756358233.8036692,20.9,20.9,20.9,-19.4,-7.6,1.3,7.7,0,30.6,-7.6,1.3,59.34222222222222,75.31666666666666,69.65333333333334,False,1.0,CIE76
37.426990032196045,1756358233.9065506,20.8,20.8,20.8,-19.4,-7.5,1.2,7.6,0,30.6,-7.5,1.2,59.63111111111111,75.31777777777778,69.83777777777777,False,1.0,CIE76
37.535703897476196,1756358234.0152645,20.8,20.8,20.8,-19.5,-7.3,1.1,7.4,0,30.5,-7.3,1.1,59.65777777777778,75.10333333333334,69.91666666666667,False,1.0,CIE76
37.672606468200684,1756358234.152167,20.7,20.7,20.7,-19.3,-7.4,1.2,7.5,0,30.7,-7.4,1.2,59.83111111111111,75.37777777777778,69.92555555555556,False,1.0,CIE76
37.792439222335815,1756358234.2719998,20.8,20.8,20.8,-19.3,-7.7,1.0,7.8,0,30.7,-7.7,1.0,59.12888888888889,75.58111111111111,70.24666666666667,False,1.0,CIE76
37.93148231506348,1756358234.411043,20.9,20.9,20.9,-19.7,-7.1,1.1,7.2,0,30.3,-7.1,1.1,59.63111111111111,74.50444444444445,69.31222222222222,False,1.0,CIE76
38.04007697105408,1756358234.5196376,21.3,21.3,21.3,-19.8,-7.6,1.3,7.7,0,30.2,-7.6,1.3,58.30222222222222,74.3,68.62444444444445,False,1.0,CIE76
38.17436957359314,1756358234.6539302,21.5,21.5,21.5,-20.0,-7.7,1.2,7.8,0,30.0,-7.7,1.2,57.70666666666666,73.8711111111111,68.31777777777778,False,1.0,CIE76
38.313814640045166,1756358234.7933753,21.9,21.9,21.9,-20.4,-7.7,1.4,7.8,0,29.6,-7.7,1.4,56.995555555555555,72.91888888888889,67.15222222222222,False,1.0,CIE76
38.417460203170776,1756358234.8970208,22.4,22.4,22.4,-20.9,-7.6,1.8,7.9,0,29.1,-7.6,1.8,56.30222222222222,71.78222222222222,65.5111111111111,False,1.0,CIE76
38.553260803222656,1756358235.0328214,22.5,22.5,22.5,-21.2,-7.4,1.4,7.5,0,28.8,-7.4,1.4,55.888888888888886,71.07222222222222,65.49777777777778,False,1.0,CIE76
38.677990436553955,1756358235.157551,22.5,22.5,22.5,-21.3,-7.3,1.3,7.4,0,28.7,-7.3,1.3,55.82222222222222,70.90333333333334,65.51222222222222,False,1.0,CIE76
38.79215598106384,1756358235.2717166,22.6,22.6,22.6,-21.3,-7.3,1.3,7.4,0,28.7,-7.3,1.3,55.82666666666667,70.81222222222222,65.36111111111111,False,1.0,CIE76
38.927088022232056,1756358235.4066486,22.7,22.7,22.7,-21.2,-7.7,1.8,7.9,0,28.8,-7.7,1.8,55.48,71.09333333333333,64.79777777777778,False,1.0,CIE76
39.06124567985535,1756358235.5408063,22.5,22.5,22.5,-21.1,-7.5,1.7,7.7,0,28.9,-7.5,1.7,56.08,71.3711111111111,65.16888888888889,False,1.0,CIE76
39.17210030555725,1756358235.651661,22.3,22.3,22.3,-21.2,-7.0,1.1,7.1,0,28.8,-7.0,1.1,56.38666666666666,70.92555555555556,65.97444444444444,False,1.0,CIE76
39.3042356967926,1756358235.7837963,22.5,22.5,22.5,-21.3,-7.3,1.3,7.4,0,28.7,-7.3,1.3,55.86222222222222,70.81111111111112,65.37,False,1.0,CIE76
39.41739082336426,1756358235.8969514,22.4,22.4,22.4,-21.2,-6.9,1.2,7.0,0,28.8,-6.9,1.2,56.49777777777778,70.74111111111111,65.63666666666667,False,1.0,CIE76
39.55521321296692,1756358236.0347738,22.5,22.5,22.5,-21.2,-7.4,1.6,7.6,0,28.8,-7.4,1.6,56.026666666666664,71.11444444444444,65.2388888888889,False,1.0,CIE76
39.668099880218506,1756358236.1476605,22.4,22.4,22.4,-21.2,-7.3,1.3,7.5,0,28.8,-7.3,1.3,56.044444444444444,71.14222222222222,65.67333333333333,False,1.0,CIE76
39.80750799179077,1756358236.2870686,22.4,22.4,22.4,-21.1,-7.5,1.5,7.7,0,28.9,-7.5,1.5,55.86222222222222,71.34777777777778,65.62555555555555,False,1.0,CIE76
39.92675709724426,1756358236.4063177,22.4,22.4,22.4,-21.2,-7.3,1.4,7.4,0,28.8,-7.3,1.4,56.062222222222225,71.10666666666667,65.57888888888888,False,1.0,CIE76
40.03929901123047,1756358236.5188596,22.4,22.4,22.4,-21.1,-7.3,1.2,7.4,0,28.9,-7.3,1.2,56.044444444444444,71.23666666666666,65.94777777777777,False,1.0,CIE76
40.16231179237366,1756358236.6418724,22.4,22.4,22.4,-21.1,-7.3,1.4,7.4,0,28.9,-7.3,1.4,56.17777777777778,71.14222222222222,65.57,False,1.0,CIE76
40.28613805770874,1756358236.7656987,22.4,22.4,22.4,-21.1,-7.3,1.4,7.4,0,28.9,-7.3,1.4,56.257777777777775,71.14333333333333,65.52222222222223,False,1.0,CIE76
40.4244749546051,1756358236.9040356,22.4,22.4,22.4,-21.1,-7.5,1.6,7.7,0,28.9,-7.5,1.6,56.044444444444444,71.36888888888889,65.40777777777778,False,1.0,CIE76
40.539798974990845,1756358237.0193596,22.4,22.4,22.4,-21.1,-7.3,1.4,7.4,0,28.9,-7.3,1.4,56.11555555555555,71.15444444444445,65.62666666666667,False,1.0,CIE76
40.669556856155396,1756358237.1491175,22.4,22.4,22.4,-21.1,-7.2,1.2,7.3,0,28.9,-7.2,1.2,56.27111111111111,71.1,65.96555555555555,False,1.0,CIE76
40.79233193397522,1756358237.2718925,22.3,22.3,22.3,-21.1,-7.2,1.3,7.4,0,28.9,-7.2,1.3,56.315555555555555,71.26,65.8411111111111,False,1.0,CIE76
40.923654079437256,1756358237.4032147,22.4,22.4,22.4,-21.1,-7.4,1.4,7.5,0,28.9,-7.4,1.4,56.102222222222224,71.25555555555556,65.59444444444445,False,1.0,CIE76
41.04714751243591,1756358237.5267081,22.3,22.3,22.3,-21.1,-7.1,1.1,7.1,0,28.9,-7.1,1.1,56.55555555555556,71.15888888888888,66.11444444444444,False,1.0,CIE76
41.18712759017944,1756358237.6666882,22.3,22.3,22.3,-21.1,-7.1,1.3,7.3,0,28.9,-7.1,1.3,56.52,71.17,65.82555555555555,False,1.0,CIE76
41.31729459762573,1756358237.7968552,22.3,22.3,22.3,-21.1,-7.0,1.2,7.1,0,28.9,-7.0,1.2,56.568888888888885,71.16666666666667,66.07777777777778,False,1.0,CIE76
41.43467426300049,1756358237.9142349,22.4,22.4,22.4,-21.1,-7.4,1.4,7.5,0,28.9,-7.4,1.4,56.04,71.30222222222223,65.72333333333333,False,1.0,CIE76
41.558735370635986,1756358238.038296,22.5,22.5,22.5,-21.0,-7.8,1.6,8.0,0,29.0,-7.8,1.6,55.60444444444445,71.65555555555555,65.60222222222222,False,1.0,CIE76
41.73313641548157,1756358238.212697,0.4,0.4,0.4,0.1,-0.3,0.2,0.3,-0.1,29.0,-7.4,1.5,56.28,71.45666666666666,65.74444444444444,True,1.0,CIE76
41.812440395355225,1756358238.292001,0.5,0.5,0.5,0.1,-0.5,0.2,0.5,-0.1,29.0,-7.6,1.5,56.08888888888889,71.58777777777777,65.70444444444445,True,1.0,CIE76
41.92860984802246,1756358238.4081705,0.2,0.2,0.2,0.0,-0.2,0.1,0.2,-0.1,28.9,-7.3,1.4,56.37777777777778,71.32222222222222,65.75444444444445,True,1.0,CIE76
42.053154945373535,1756358238.5327156,0.3,0.3,0.3,0.1,-0.3,0.0,0.3,0.0,29.0,-7.4,1.3,56.15111111111111,71.4011111111111,65.88777777777777,True,1.0,CIE76
42.186227560043335,1756358238.6657882,0.4,0.4,0.4,0.1,-0.3,0.1,0.3,-0.1,29.0,-7.4,1.4,56.297777777777775,71.50222222222222,65.82555555555555,True,1.0,CIE76
42.29108166694641,1756358238.7706423,0.7,0.7,0.7,0.1,-0.5,0.5,0.6,-0.4,29.0,-7.6,1.8,56.24,71.53888888888889,65.26777777777778,True,1.0,CIE76
42.44132614135742,1756358238.9208868,0.3,0.3,0.3,0.1,-0.3,0.1,0.3,-0.1,29.0,-7.4,1.4,56.28,71.46333333333334,65.79333333333334,True,1.0,CIE76
42.551124572753906,1756358239.0306852,0.5,0.5,0.5,0.1,-0.4,0.0,0.4,0.0,29.0,-7.5,1.3,55.906666666666666,71.55777777777777,65.94777777777777,True,1.0,CIE76
42.66350317001343,1756358239.1430638,0.2,0.2,0.2,0.1,0.1,-0.2,-0.1,0.1,29.0,-7.0,1.1,56.75111111111111,71.23777777777778,66.20666666666666,True,1.0,CIE76
42.810909032821655,1756358239.2904696,0.4,0.4,0.4,0.1,-0.3,0.2,0.3,-0.1,29.0,-7.4,1.5,56.42666666666667,71.51444444444445,65.75444444444445,True,1.0,CIE76
42.92118954658508,1756358239.4007502,0.4,0.4,0.4,0.1,-0.4,0.1,0.4,-0.0,29.0,-7.5,1.4,56.31111111111111,71.61555555555556,65.97555555555556,True,1.0,CIE76
43.04305648803711,1756358239.522617,0.9,0.9,0.9,0.2,-0.8,0.3,0.8,-0.1,29.1,-7.9,1.6,55.62222222222222,71.90777777777778,65.82444444444444,True,1.0,CIE76
43.17866611480713,1756358239.6582267,0.6,0.6,0.6,0.2,-0.5,0.2,0.5,-0.1,29.1,-7.6,1.5,56.29333333333334,71.81333333333333,65.91111111111111,True,1.0,CIE76
43.29046654701233,1756358239.7700272,0.2,0.2,0.2,0.1,-0.2,0.0,0.2,0.0,29.0,-7.3,1.3,56.45777777777778,71.60444444444444,66.09333333333333,True,1.0,CIE76
43.4203622341156,1756358239.8999228,0.2,0.2,0.2,0.1,-0.0,0.2,0.0,-0.1,29.0,-7.1,1.5,56.96,71.5,65.94555555555556,True,1.0,CIE76
43.53662657737732,1756358240.0161872,0.2,0.2,0.2,0.1,-0.2,-0.0,0.2,0.0,29.0,-7.3,1.3,56.355555555555554,71.46888888888888,66.05333333333333,True,1.0,CIE76
43.68293809890747,1756358240.1624987,0.5,0.5,0.5,0.2,-0.4,0.3,0.4,-0.2,29.1,-7.5,1.6,56.51111111111111,71.78777777777778,65.80888888888889,True,1.0,CIE76
43.80902099609375,1756358240.2885816,0.4,0.4,0.4,0.2,-0.3,0.0,0.3,0.0,29.1,-7.4,1.3,56.61333333333333,71.80111111111111,66.24777777777778,True,1.0,CIE76
43.92699670791626,1756358240.4065573,0.4,0.4,0.4,0.2,-0.3,-0.0,0.3,0.1,29.1,-7.4,1.3,56.38666666666666,71.83888888888889,66.38444444444444,True,1.0,CIE76
44.046340465545654,1756358240.525901,0.5,0.5,0.5,0.2,-0.4,0.2,0.5,-0.1,29.1,-7.5,1.5,56.32,71.85555555555555,66.02888888888889,True,1.0,CIE76
44.18634009361267,1756358240.6659007,0.3,0.3,0.3,0.2,-0.2,-0.1,0.2,0.1,29.1,-7.3,1.2,56.62222222222222,71.7088888888889,66.38222222222223,True,1.0,CIE76
44.287407875061035,1756358240.7669685,0.4,0.4,0.4,0.3,-0.3,-0.1,0.3,0.1,29.2,-7.4,1.2,56.404444444444444,71.89222222222222,66.46333333333334,True,1.0,CIE76
44.41236233711243,1756358240.891923,1.0,1.0,1.0,0.3,-0.8,0.5,0.9,-0.3,29.2,-7.9,1.8,56.15555555555556,72.12777777777778,65.64666666666666,True,1.0,CIE76
44.55505442619324,1756358241.034615,0.6,0.6,0.6,0.4,-0.5,0.2,0.5,-0.1,29.3,-7.6,1.5,56.61333333333333,72.16888888888889,66.35,True,1.0,CIE76
44.67225217819214,1756358241.1518128,0.6,0.6,0.6,0.3,-0.5,0.2,0.5,-0.1,29.2,-7.6,1.5,56.55111111111111,72.07444444444444,66.18777777777778,True,1.0,CIE76
44.80416989326477,1756358241.2837305,0.3,0.3,0.3,0.3,-0.2,0.1,0.2,-0.0,29.2,-7.3,1.4,57.0,71.8788888888889,66.34666666666666,True,1.0,CIE76
44.917120695114136,1756358241.3966813,0.7,0.7,0.7,0.4,-0.5,0.4,0.6,-0.2,29.3,-7.6,1.7,56.693333333333335,72.24888888888889,66.15,True,1.0,CIE76
45.07131242752075,1756358241.550873,0.6,0.6,0.6,0.4,-0.3,0.4,0.4,-0.3,29.3,-7.4,1.7,57.15111111111111,72.14555555555556,66.16,True,1.0,CIE76
45.186986446380615,1756358241.666547,0.5,0.5,0.5,0.4,-0.3,-0.1,0.2,0.1,29.3,-7.4,1.2,56.87111111111111,72.19444444444444,66.8711111111111,True,1.0,CIE76
45.315656900405884,1756358241.7952175,0.7,0.7,0.7,0.4,-0.4,0.3,0.5,-0.2,29.3,-7.5,1.6,56.99111111111111,72.29444444444445,66.31888888888889,True,1.0,CIE76
45.43901062011719,1756358241.9185712,0.4,0.4,0.4,0.3,-0.2,0.0,0.2,0.0,29.2,-7.3,1.3,57.022222222222226,72.01222222222222,66.56888888888889,True,1.0,CIE76
45.56956171989441,1756358242.0491223,0.6,0.6,0.6,0.4,-0.5,0.0,0.5,0.0,29.3,-7.6,1.3,56.48,72.24444444444444,66.62333333333333,True,1.0,CIE76
45.683987617492676,1756358242.1635482,0.4,0.4,0.4,0.3,-0.1,-0.1,0.1,0.1,29.2,-7.2,1.2,57.026666666666664,72.0188888888889,66.69555555555556,True,1.0,CIE76
45.80590867996216,1756358242.2854693,0.6,0.6,0.6,0.4,-0.4,0.2,0.4,-0.1,29.3,-7.5,1.5,56.92,72.31222222222222,66.53666666666666,True,1.0,CIE76
45.922746896743774,1756358242.4023075,0.4,0.4,0.4,0.4,0.1,-0.1,-0.1,0.1,29.3,-7.0,1.2,57.53333333333333,72.00555555555556,66.90444444444445,True,1.0,CIE76
46.055484771728516,1756358242.5350454,0.9,0.9,0.9,0.5,-0.4,0.6,0.6,-0.5,29.4,-7.5,1.9,57.44,72.50777777777778,66.02222222222223,True,1.0,CIE76
46.17090368270874,1756358242.6504643,0.9,0.9,0.9,0.5,-0.6,0.4,0.7,-0.3,29.4,-7.7,1.7,56.85333333333333,72.51333333333334,66.22444444444444,True,1.0,CIE76
46.30764651298523,1756358242.7872071,0.8,0.8,0.8,0.5,-0.4,0.4,0.5,-0.4,29.4,-7.5,1.7,57.382222222222225,72.49222222222222,66.30555555555556,True,1.0,CIE76
46.436707735061646,1756358242.9162683,0.4,0.4,0.4,0.4,-0.1,0.0,0.1,0.0,29.3,-7.2,1.3,57.306666666666665,72.20333333333333,66.77555555555556,True,1.0,CIE76
46.56260299682617,1756358243.0421636,0.7,0.7,0.7,0.5,-0.2,0.4,0.3,-0.3,29.4,-7.3,1.7,57.635555555555555,72.41666666666667,66.41,True,1.0,CIE76
46.68559145927429,1756358243.165152,0.6,0.6,0.6,0.5,-0.2,0.2,0.2,-0.2,29.4,-7.3,1.5,57.55111111111111,72.46777777777778,66.67888888888889,True,1.0,CIE76
46.80940389633179,1756358243.2889645,0.6,0.6,0.6,0.5,-0.1,-0.3,0.1,0.3,29.4,-7.2,1.0,57.14666666666667,72.32333333333334,67.27888888888889,True,1.0,CIE76
46.92928624153137,1756358243.4088469,0.5,0.5,0.5,0.5,0.0,-0.2,-0.0,0.2,29.4,-7.1,1.1,57.50666666666667,72.27666666666667,67.19222222222223,True,1.0,CIE76
47.050853967666626,1756358243.5304146,0.7,0.7,0.7,0.6,-0.4,0.2,0.4,-0.1,29.5,-7.5,1.5,57.324444444444445,72.60111111111111,66.72444444444444,True,1.0,CIE76
47.18819618225098,1756358243.6677568,0.8,0.8,0.8,0.6,-0.5,0.2,0.5,-0.1,29.5,-7.6,1.5,57.14222222222222,72.67444444444445,66.78333333333333,True,1.0,CIE76
47.30980634689331,1756358243.789367,0.9,0.9,0.9,0.6,-0.5,0.3,0.6,-0.2,29.5,-7.6,1.6,57.111111111111114,72.74333333333334,66.61777777777777,True,1.0,CIE76
47.43680024147034,1756358243.9163609,0.8,0.8,0.8,0.6,-0.4,0.4,0.4,-0.3,29.5,-7.5,1.7,57.58222222222222,72.73,66.66111111111111,True,1.0,CIE76
47.552151679992676,1756358244.0317123,0.7,0.7,0.7,0.6,-0.2,0.1,0.2,-0.1,29.5,-7.3,1.4,57.568888888888885,72.61888888888889,66.98555555555555,True,1.0,CIE76
47.698426246643066,1756358244.1779869,0.8,0.8,0.8,0.6,-0.4,0.2,0.5,-0.1,29.5,-7.5,1.5,57.21333333333333,72.75777777777778,66.95555555555555,True,1.0,CIE76
47.806286573410034,1756358244.2858472,1.0,1.0,1.0,0.7,-0.5,0.4,0.6,-0.3,29.6,-7.6,1.7,57.41777777777778,72.9588888888889,66.78111111111112,True,1.0,CIE76
47.93973731994629,1756358244.419298,0.8,0.8,0.8,0.7,-0.3,0.3,0.4,-0.3,29.6,-7.4,1.6,57.653333333333336,72.77777777777777,66.79222222222222,True,1.0,CIE76
48.069530963897705,1756358244.5490916,0.7,0.7,0.7,0.7,-0.1,0.1,0.2,-0.1,29.6,-7.2,1.4,57.85777777777778,72.76333333333334,67.15555555555555,True,1.0,CIE76
48.207475662231445,1756358244.6870363,1.1,1.1,1.1,0.7,-0.6,0.5,0.7,-0.4,29.6,-7.7,1.8,57.50666666666667,73.08222222222223,66.65777777777778,True,1.0,CIE76
48.32639002799988,1756358244.8059506,0.6,0.6,0.6,0.6,-0.0,-0.1,0.0,0.1,29.5,-7.1,1.2,57.74666666666667,72.58555555555556,67.37555555555555,True,1.0,CIE76
48.46934676170349,1756358244.9489074,0.7,0.7,0.7,0.7,-0.2,0.1,0.2,-0.0,29.6,-7.3,1.4,57.77777777777778,72.82777777777778,67.24666666666667,True,1.0,CIE76
48.548126459121704,1756358245.027687,1.0,1.0,1.0,0.8,-0.4,0.5,0.5,-0.4,29.7,-7.5,1.8,57.888888888888886,73.08888888888889,66.76444444444445,True,1.0,CIE76
48.70769500732422,1756358245.1872556,0.8,0.8,0.8,0.7,-0.2,0.2,0.2,-0.1,29.6,-7.3,1.5,58.044444444444444,72.91666666666667,67.19555555555556,True,1.0,CIE76
48.80533289909363,1756358245.2848935,0.7,0.7,0.7,0.7,-0.1,-0.1,0.1,0.1,29.6,-7.2,1.2,57.82666666666667,72.72222222222223,67.44666666666667,True,1.0,CIE76
48.92041778564453,1756358245.3999784,0.9,0.9,0.9,0.7,-0.5,0.1,0.5,-0.0,29.6,-7.6,1.4,57.38666666666666,73.05333333333333,67.32,True,1.0,CIE76
49.05576205253601,1756358245.5353227,0.9,0.9,0.9,0.7,-0.3,0.3,0.3,-0.2,29.6,-7.4,1.6,57.888888888888886,72.98,67.03333333333333,True,1.0,CIE76
49.170571088790894,1756358245.6501317,1.2,1.2,1.2,0.8,-0.8,0.4,0.9,-0.2,29.7,-7.9,1.7,57.266666666666666,73.44222222222223,67.11555555555556,True,1.0,CIE76
49.30845856666565,1756358245.7880192,0.9,0.9,0.9,0.8,-0.4,0.1,0.4,-0.0,29.7,-7.5,1.4,57.666666666666664,73.18777777777778,67.48555555555555,True,1.0,CIE76
49.432438373565674,1756358245.911999,0.8,0.8,0.8,0.7,0.0,-0.2,-0.0,0.1,29.6,-7.1,1.1,58.06666666666667,72.8711111111111,67.74888888888889,True,1.0,CIE76
49.55522680282593,1756358246.0347874,0.7,0.7,0.7,0.7,-0.0,-0.0,0.0,0.0,29.6,-7.1,1.3,58.16444444444444,72.90555555555555,67.53222222222222,True,1.0,CIE76
49.685081481933594,1756358246.164642,1.0,1.0,1.0,0.9,-0.5,0.2,0.5,-0.1,29.8,-7.6,1.5,57.81333333333333,73.43444444444444,67.54666666666667,True,1.0,CIE76
49.801798820495605,1756358246.2813594,1.0,1.0,1.0,0.8,-0.6,0.2,0.6,-0.1,29.7,-7.7,1.5,57.4,73.30444444444444,67.39222222222222,True,1.0,CIE76
49.96427321434021,1756358246.4438338,1.0,1.0,1.0,0.9,-0.5,0.2,0.5,-0.1,29.8,-7.6,1.5,57.63111111111111,73.37777777777778,67.51333333333334,True,1.0,CIE76
50.04455089569092,1756358246.5241115,1.4,1.4,1.4,1.0,-0.9,0.5,1.0,-0.3,29.9,-8.0,1.8,57.422222222222224,73.72333333333333,67.24555555555555,True,1.0,CIE76
50.17939352989197,1756358246.6589541,0.9,0.9,0.9,0.8,-0.3,-0.1,0.3,0.1,29.7,-7.4,1.2,57.84888888888889,73.23444444444445,67.82666666666667,True,1.0,CIE76
50.31844973564148,1756358246.7980103,1.0,1.0,1.0,0.8,-0.4,0.3,0.5,-0.2,29.7,-7.5,1.6,57.87111111111111,73.20333333333333,67.17,True,1.0,CIE76
50.45199537277222,1756358246.931556,1.0,1.0,1.0,0.9,-0.6,0.2,0.6,-0.0,29.8,-7.7,1.5,57.44444444444444,73.41111111111111,67.55666666666667,True,1.0,CIE76
50.54956126213074,1756358247.0291219,1.5,1.5,1.5,1.0,-1.0,0.5,1.1,-0.3,29.9,-8.1,1.8,57.16888888888889,73.80777777777777,67.19888888888889,True,1.0,CIE76
50.692368268966675,1756358247.171929,0.9,0.9,0.9,0.9,-0.2,-0.0,0.2,0.0,29.8,-7.3,1.3,58.12444444444444,73.24222222222222,67.78666666666666,True,1.0,CIE76
50.80852174758911,1756358247.2880824,1.2,1.2,1.2,0.9,-0.6,0.5,0.7,-0.3,29.8,-7.7,1.8,57.977777777777774,73.55444444444444,67.21777777777778,True,1.0,CIE76
50.93753910064697,1756358247.4170997,1.0,1.0,1.0,0.9,-0.2,0.3,0.2,-0.2,29.8,-7.3,1.6,58.44,73.32222222222222,67.4588888888889,True,1.0,CIE76
51.0539665222168,1756358247.5335271,0.9,0.9,0.9,0.9,-0.2,-0.0,0.2,0.1,29.8,-7.3,1.3,58.08888888888889,73.26,67.85444444444444,True,1.0,CIE76
51.16872954368591,1756358247.6482902,1.3,1.3,1.3,0.9,-0.7,0.5,0.8,-0.4,29.8,-7.8,1.8,57.80888888888889,73.5988888888889,67.11222222222223,True,1.0,CIE76
51.34277820587158,1756358247.8223388,1.1,1.1,1.1,0.9,-0.5,0.4,0.5,-0.3,29.8,-7.6,1.7,58.102222222222224,73.52555555555556,67.32888888888888,True,1.0,CIE76
51.446566581726074,1756358247.9261272,1.3,1.3,1.3,0.9,-0.7,0.6,0.8,-0.4,29.8,-7.8,1.9,57.80444444444444,73.62,67.06222222222222,True,1.0,CIE76
51.57422494888306,1756358248.0537856,1.0,1.0,1.0,0.9,-0.3,0.1,0.3,-0.1,29.8,-7.4,1.4,58.17777777777778,73.41444444444444,67.72,True,1.0,CIE76
51.67856192588806,1756358248.1581225,1.2,1.2,1.2,1.0,-0.5,0.3,0.6,-0.2,29.9,-7.6,1.6,57.973333333333336,73.58888888888889,67.50222222222222,True,1.0,CIE76
51.80802297592163,1756358248.2875836,1.2,1.2,1.2,0.9,-0.5,0.5,0.6,-0.3,29.8,-7.6,1.8,58.14222222222222,73.52333333333333,67.24777777777778,True,1.0,CIE76
51.928107023239136,1756358248.4076676,1.4,1.4,1.4,1.0,-0.8,0.6,0.9,-0.4,29.9,-7.9,1.9,57.75111111111111,73.70555555555555,67.10222222222222,True,1.0,CIE76
52.06499719619751,1756358248.5445578,1.2,1.2,1.2,1.0,-0.5,0.6,0.6,-0.5,29.9,-7.6,1.9,58.18666666666667,73.55555555555556,67.07444444444444,True,1.0,CIE76
52.17352294921875,1756358248.6530836,0.9,0.9,0.9,0.8,-0.1,-0.1,0.1,0.1,29.7,-7.2,1.2,58.18222222222222,73.1288888888889,67.92444444444445,True,1.0,CIE76
52.3252112865448,1756358248.804772,1.3,1.3,1.3,1.0,-0.7,0.5,0.8,-0.4,29.9,-7.8,1.8,57.86666666666667,73.61333333333333,67.15222222222222,True,1.0,CIE76
52.42422699928284,1756358248.9037876,1.1,1.1,1.1,0.9,-0.4,0.3,0.4,-0.3,29.8,-7.5,1.6,58.21333333333333,73.45555555555555,67.40333333333334,True,1.0,CIE76
52.5441107749939,1756358249.0236714,1.0,1.0,1.0,0.9,-0.3,0.2,0.4,-0.1,29.8,-7.4,1.5,57.986666666666665,73.29777777777778,67.45,True,1.0,CIE76
52.66913175582886,1756358249.1486924,1.1,1.1,1.1,0.9,-0.6,0.4,0.7,-0.3,29.8,-7.7,1.7,57.568888888888885,73.42444444444445,67.17888888888889,True,1.0,CIE76
52.8222291469574,1756358249.3017898,1.2,1.2,1.2,0.9,-0.7,0.4,0.7,-0.3,29.8,-7.8,1.7,57.73777777777778,73.52222222222223,67.14333333333333,True,1.0,CIE76
52.92599678039551,1756358249.4055574,1.0,1.0,1.0,0.9,-0.3,0.1,0.3,-0.0,29.8,-7.4,1.4,58.11555555555555,73.38666666666667,67.7311111111111,True,1.0,CIE76
53.052135944366455,1756358249.5316966,0.9,0.9,0.9,0.9,-0.2,0.2,0.2,-0.1,29.8,-7.3,1.5,58.24444444444445,73.29,67.48666666666666,True,1.0,CIE76
53.1917188167572,1756358249.6712794,0.8,0.8,0.8,0.8,0.0,-0.1,-0.0,0.1,29.7,-7.1,1.2,58.28,73.05888888888889,67.85333333333334,True,1.0,CIE76
53.34652900695801,1756358249.8260896,1.1,1.1,1.1,1.0,-0.5,0.4,0.5,-0.3,29.9,-7.6,1.7,58.12888888888889,73.54333333333334,67.39333333333333,True,1.0,CIE76
53.431761503219604,1756358249.911322,1.2,1.2,1.2,0.9,-0.7,0.4,0.7,-0.3,29.8,-7.8,1.7,57.78666666666667,73.61222222222223,67.27777777777777,True,1.0,CIE76
53.5421257019043,1756358250.0216863,0.9,0.9,0.9,0.8,-0.1,-0.1,0.1,0.1,29.7,-7.2,1.2,58.12,73.18222222222222,67.86111111111111,True,1.0,CIE76
53.68441152572632,1756358250.1639721,1.4,1.4,1.4,1.0,-0.9,0.6,1.0,-0.4,29.9,-8.0,1.9,57.56444444444445,73.75444444444445,67.08777777777777,True,1.0,CIE76
53.83423399925232,1756358250.3137946,1.1,1.1,1.1,0.9,-0.6,0.3,0.7,-0.2,29.8,-7.7,1.6,57.59111111111111,73.43666666666667,67.31333333333333,True,1.0,CIE76
53.91893744468689,1756358250.398498,0.9,0.9,0.9,0.8,-0.0,0.3,0.1,-0.3,29.7,-7.1,1.6,58.577777777777776,73.04333333333334,67.26333333333334,True,1.0,CIE76
54.048896074295044,1756358250.5284567,0.9,0.9,0.9,0.8,-0.4,0.2,0.4,-0.1,29.7,-7.5,1.5,57.72,73.16666666666667,67.38444444444444,True,1.0,CIE76
54.19635510444641,1756358250.6759157,0.9,0.9,0.9,0.8,-0.4,0.1,0.4,-0.1,29.7,-7.5,1.4,57.666666666666664,73.17888888888889,67.40555555555555,True,1.0,CIE76
54.29643702507019,1756358250.7759976,1.2,1.2,1.2,0.9,-0.5,0.7,0.7,-0.6,29.8,-7.6,2.0,58.16,73.29888888888888,66.5911111111111,True,1.0,CIE76
54.42894744873047,1756358250.908508,0.8,0.8,0.8,0.8,-0.1,-0.1,0.1,0.2,29.7,-7.2,1.2,57.995555555555555,73.06777777777778,67.79888888888888,True,1.0,CIE76
54.575069427490234,1756358251.05463,1.2,1.2,1.2,0.9,-0.6,0.5,0.7,-0.4,29.8,-7.7,1.8,57.782222222222224,73.41111111111111,67.01666666666667,True,1.0,CIE76
54.69325280189514,1756358251.1728134,1.0,1.0,1.0,0.8,-0.5,0.4,0.5,-0.3,29.7,-7.6,1.7,57.87555555555556,73.23444444444445,67.00333333333333,True,1.0,CIE76
54.809298515319824,1756358251.2888591,0.9,0.9,0.9,0.8,-0.2,0.2,0.3,-0.1,29.7,-7.3,1.5,58.04,73.07888888888888,67.32555555555555,True,1.0,CIE76
54.93721604347229,1756358251.4167767,0.9,0.9,0.9,0.8,-0.3,0.3,0.4,-0.2,29.7,-7.4,1.6,57.973333333333336,73.14777777777778,67.23333333333333,True,1.0,CIE76
55.054049253463745,1756358251.5336099,0.9,0.9,0.9,0.8,-0.3,0.3,0.4,-0.3,29.7,-7.4,1.6,58.01777777777778,73.06222222222222,67.08777777777777,True,1.0,CIE76
55.201072216033936,1756358251.6806328,0.7,0.7,0.7,0.7,-0.1,-0.1,0.1,0.1,29.6,-7.2,1.2,57.702222222222225,72.83,67.56444444444445,True,1.0,CIE76
55.34824538230896,1756358251.827806,1.3,1.3,1.3,0.9,-0.9,0.6,1.0,-0.4,29.8,-8.0,1.9,57.324444444444445,73.46666666666667,66.86,True,1.0,CIE76
55.43574595451355,1756358251.9153066,0.9,0.9,0.9,0.8,-0.4,-0.1,0.3,0.2,29.7,-7.5,1.2,57.48888888888889,73.15,67.78,True,1.0,CIE76
55.54557943344116,1756358252.02514,1.1,1.1,1.1,0.9,-0.6,0.3,0.7,-0.2,29.8,-7.7,1.6,57.55555555555556,73.41333333333333,67.31777777777778,True,1.0,CIE76
55.679885387420654,1756358252.159446,0.8,0.8,0.8,0.8,-0.1,-0.2,0.1,0.2,29.7,-7.2,1.1,57.84,73.00666666666666,67.84333333333333,True,1.0,CIE76
55.81704068183899,1756358252.2966013,0.8,0.8,0.8,0.7,-0.2,0.2,0.2,-0.2,29.6,-7.3,1.5,57.955555555555556,72.91,67.14333333333333,True,1.0,CIE76
55.923537492752075,1756358252.403098,0.7,0.7,0.7,0.7,-0.1,-0.1,0.1,0.1,29.6,-7.2,1.2,57.87555555555556,72.91222222222223,67.53333333333333,True,1.0,CIE76
56.044363260269165,1756358252.5239239,0.9,0.9,0.9,0.8,-0.5,0.2,0.5,-0.1,29.7,-7.6,1.5,57.55111111111111,73.08666666666667,67.21,True,1.0,CIE76
56.19389057159424,1756358252.6734512,1.1,1.1,1.1,0.8,-0.5,0.5,0.6,-0.4,29.7,-7.6,1.8,57.65777777777778,73.18888888888888,66.84555555555555,True,1.0,CIE76
56.302080392837524,1756358252.781641,0.8,0.8,0.8,0.7,-0.1,0.1,0.2,-0.1,29.6,-7.2,1.4,58.05777777777778,72.89555555555556,67.22,True,1.0,CIE76
56.437172412872314,1756358252.916733,1.1,1.1,1.1,0.8,-0.6,0.3,0.7,-0.2,29.7,-7.7,1.6,57.35111111111111,73.2311111111111,67.17,True,1.0,CIE76
56.552170515060425,1756358253.0317311,1.1,1.1,1.1,0.8,-0.7,0.5,0.7,-0.3,29.7,-7.8,1.8,57.45333333333333,73.24666666666667,66.88777777777777,True,1.0,CIE76
56.66553592681885,1756358253.1450965,0.8,0.8,0.8,0.8,-0.2,0.1,0.2,-0.1,29.7,-7.3,1.4,58.04888888888889,73.03222222222222,67.37333333333333,True,1.0,CIE76
56.79568958282471,1756358253.2752502,1.3,1.3,1.3,0.9,-0.8,0.5,0.9,-0.3,29.8,-7.9,1.8,57.324444444444445,73.46111111111111,67.00888888888889,True,1.0,CIE76
56.93229269981384,1756358253.4118533,0.7,0.7,0.7,0.7,0.0,0.1,-0.0,-0.1,29.6,-7.1,1.4,58.24,72.86666666666666,67.39888888888889,True,1.0,CIE76
57.04785132408142,1756358253.527412,0.7,0.7,0.7,0.7,-0.1,-0.1,0.1,0.1,29.6,-7.2,1.2,57.76,72.82666666666667,67.52444444444444,True,1.0,CIE76
57.183908224105835,1756358253.6634688,0.8,0.8,0.8,0.8,-0.2,-0.1,0.1,0.2,29.7,-7.3,1.2,57.80444444444444,72.99444444444444,67.74444444444444,True,1.0,CIE76
57.298468351364136,1756358253.778029,1.0,1.0,1.0,0.7,-0.6,0.4,0.6,-0.2,29.6,-7.7,1.7,57.413333333333334,73.11555555555556,66.92777777777778,True,1.0,CIE76
57.431501626968384,1756358253.9110622,0.8,0.8,0.8,0.7,-0.3,-0.2,0.3,0.3,29.6,-7.4,1.1,57.306666666666665,72.90222222222222,67.71222222222222,True,1.0,CIE76
57.58125019073486,1756358254.0608108,0.9,0.9,0.9,0.8,-0.5,0.2,0.5,-0.1,29.7,-7.6,1.5,57.595555555555556,73.12222222222222,67.25111111111111,True,1.0,CIE76
57.677903175354004,1756358254.1574638,0.8,0.8,0.8,0.7,-0.2,0.1,0.2,-0.0,29.6,-7.3,1.4,57.82666666666667,72.96777777777778,67.43222222222222,True,1.0,CIE76
57.82456612586975,1756358254.3041267,0.7,0.7,0.7,0.7,-0.2,-0.0,0.2,0.1,29.6,-7.3,1.3,57.653333333333336,72.78444444444445,67.34444444444445,True,1.0,CIE76
57.938257455825806,1756358254.417818,0.8,0.8,0.8,0.7,-0.4,0.0,0.4,0.1,29.6,-7.5,1.3,57.382222222222225,72.99777777777778,67.44111111111111,True,1.0,CIE76
58.0856409072876,1756358254.5652015,0.6,0.6,0.6,0.6,-0.1,-0.1,0.1,0.1,29.5,-7.2,1.2,57.53777777777778,72.63,67.36777777777777,True,1.0,CIE76
58.17434000968933,1756358254.6539006,1.0,1.0,1.0,0.7,-0.5,0.5,0.6,-0.4,29.6,-7.6,1.8,57.577777777777776,73.02222222222223,66.65222222222222,True,1.0,CIE76
58.29651474952698,1756358254.7760754,1.1,1.1,1.1,0.7,-0.6,0.6,0.7,-0.5,29.6,-7.7,1.9,57.6,73.08555555555556,66.5188888888889,True,1.0,CIE76
58.42436122894287,1756358254.9039218,0.7,0.7,0.7,0.7,-0.1,-0.3,0.0,0.3,29.6,-7.2,1.0,57.63111111111111,72.72888888888889,67.71333333333334,True,1.0,CIE76
58.54461908340454,1756358255.0241797,0.6,0.6,0.6,0.6,-0.1,-0.2,0.1,0.2,29.5,-7.2,1.1,57.51555555555556,72.5988888888889,67.41777777777777,True,1.0,CIE76
58.72759699821472,1756358255.2071576,1.0,1.0,1.0,0.6,-0.5,0.6,0.6,-0.5,29.5,-7.6,1.9,57.52444444444444,72.78777777777778,66.30111111111111,True,1.0,CIE76
58.824973344802856,1756358255.304534,1.0,1.0,1.0,0.6,-0.8,0.2,0.8,-0.1,29.5,-7.9,1.5,56.56,72.91444444444444,66.84444444444445,True,1.0,CIE76
58.938759088516235,1756358255.4183197,0.6,0.6,0.6,0.6,0.1,0.1,-0.1,-0.2,29.5,-7.0,1.4,58.07555555555555,72.39222222222222,66.86222222222223,True,1.0,CIE76
59.05495500564575,1756358255.5345156,0.7,0.7,0.7,0.6,-0.2,0.2,0.3,-0.2,29.5,-7.3,1.5,57.68,72.64888888888889,66.88555555555556,True,1.0,CIE76
59.176300287246704,1756358255.655861,1.1,1.1,1.1,0.7,-0.7,0.5,0.8,-0.3,29.6,-7.8,1.8,57.08888888888889,72.97888888888889,66.58444444444444,True,1.0,CIE76
59.34484577178955,1756358255.8244064,0.9,0.9,0.9,0.7,-0.6,0.2,0.6,-0.1,29.6,-7.7,1.5,57.17777777777778,72.89888888888889,66.90333333333334,True,1.0,CIE76
59.455265522003174,1756358255.9348261,0.6,0.6,0.6,0.6,-0.1,0.0,0.1,0.0,29.5,-7.2,1.3,57.48888888888889,72.50777777777778,67.08222222222223,True,1.0,CIE76
59.566887617111206,1756358256.0464482,1.2,1.2,1.2,0.7,-0.8,0.5,0.9,-0.3,29.6,-7.9,1.8,57.08,73.13777777777777,66.64555555555556,True,1.0,CIE76
59.68655776977539,1756358256.1661184,0.6,0.6,0.6,0.6,-0.0,0.1,0.1,-0.1,29.5,-7.1,1.4,57.92444444444445,72.63444444444444,67.1511111111111,True,1.0,CIE76
59.80547022819519,1756358256.2850308,0.9,0.9,0.9,0.7,-0.6,0.3,0.6,-0.2,29.6,-7.7,1.6,57.22222222222222,72.94444444444444,66.78111111111112,True,1.0,CIE76
59.98286437988281,1756358256.462425,0.6,0.6,0.6,0.6,-0.2,-0.1,0.2,0.1,29.5,-7.3,1.2,57.364444444444445,72.52666666666667,67.22333333333333,True,1.0,CIE76
60.06298303604126,1756358256.5425436,0.7,0.7,0.7,0.6,-0.3,0.2,0.4,-0.2,29.5,-7.4,1.5,57.50666666666667,72.65888888888888,66.81555555555556,True,1.0,CIE76
60.1947808265686,1756358256.6743414,0.8,0.8,0.8,0.6,-0.4,0.3,0.5,-0.3,29.5,-7.5,1.6,57.50222222222222,72.75111111111111,66.71,True,1.0,CIE76
60.31631326675415,1756358256.7958739,1.0,1.0,1.0,0.6,-0.5,0.5,0.6,-0.4,29.5,-7.6,1.8,57.431111111111115,72.8488888888889,66.42888888888889,True,1.0,CIE76
60.43498110771179,1756358256.9145417,1.1,1.1,1.1,0.7,-0.7,0.6,0.8,-0.4,29.6,-7.8,1.9,57.17333333333333,72.94,66.37666666666667,True,1.0,CIE76
60.54920816421509,1756358257.0287688,0.8,0.8,0.8,0.6,-0.5,0.3,0.5,-0.2,29.5,-7.6,1.6,57.32,72.75666666666666,66.72888888888889,True,1.0,CIE76
60.68941950798035,1756358257.1689801,0.7,0.7,0.7,0.6,-0.3,0.1,0.3,-0.1,29.5,-7.4,1.4,57.52,72.66666666666667,66.95555555555555,True,1.0,CIE76
60.80186486244202,1756358257.2814255,0.7,0.7,0.7,0.6,-0.3,0.1,0.3,-0.1,29.5,-7.4,1.4,57.44444444444444,72.59777777777778,66.94666666666667,True,1.0,CIE76
60.94551706314087,1756358257.4250777,0.7,0.7,0.7,0.5,-0.3,-0.2,0.3,0.2,29.4,-7.4,1.1,57.013333333333335,72.56333333333333,67.2911111111111,True,1.0,CIE76
61.06781578063965,1756358257.5473764,1.0,1.0,1.0,0.7,-0.5,0.4,0.6,-0.3,29.6,-7.6,1.7,57.42666666666667,72.90333333333334,66.62777777777778,True,1.0,CIE76
61.17252731323242,1756358257.652088,0.6,0.6,0.6,0.5,0.1,-0.1,-0.1,0.1,29.4,-7.0,1.2,57.79555555555555,72.35777777777778,67.19555555555556,True,1.0,CIE76
61.29144048690796,1756358257.771001,0.6,0.6,0.6,0.5,-0.3,-0.0,0.3,0.1,29.4,-7.4,1.3,57.16,72.52555555555556,67.08777777777777,True,1.0,CIE76
61.43821907043457,1756358257.9177797,1.2,1.2,1.2,0.6,-0.8,0.6,1.0,-0.4,29.5,-7.9,1.9,56.85333333333333,72.90666666666667,66.20333333333333,True,1.0,CIE76
61.555009603500366,1756358258.0345702,0.5,0.5,0.5,0.5,-0.0,0.0,0.0,-0.0,29.4,-7.1,1.3,57.69777777777778,72.3411111111111,66.93,True,1.0,CIE76
61.68971586227417,1756358258.1692765,0.8,0.8,0.8,0.6,-0.4,0.4,0.5,-0.3,29.5,-7.5,1.7,57.306666666666665,72.60888888888888,66.49222222222222,True,1.0,CIE76
61.80510854721069,1756358258.2846692,0.7,0.7,0.7,0.5,-0.3,0.3,0.3,-0.2,29.4,-7.4,1.6,57.46666666666667,72.49666666666667,66.65222222222222,True,1.0,CIE76
61.92767596244812,1756358258.4072366,0.7,0.7,0.7,0.6,-0.3,0.2,0.4,-0.2,29.5,-7.4,1.5,57.36888888888889,72.58,66.71111111111111,True,1.0,CIE76
62.07513213157654,1756358258.5546927,0.6,0.6,0.6,0.5,-0.3,0.2,0.4,-0.1,29.4,-7.4,1.5,57.27111111111111,72.48222222222222,66.75555555555556,True,1.0,CIE76
62.2015655040741,1756358258.681126,0.5,0.5,0.5,0.5,-0.2,0.0,0.2,-0.0,29.4,-7.3,1.3,57.31111111111111,72.39555555555556,66.86555555555556,True,1.0,CIE76
62.31120467185974,1756358258.7907653,0.8,0.8,0.8,0.6,-0.4,0.4,0.5,-0.3,29.5,-7.5,1.7,57.38666666666666,72.62,66.45555555555555,True,1.0,CIE76
62.415724992752075,1756358258.8952856,0.6,0.6,0.6,0.5,-0.3,0.1,0.3,-0.1,29.4,-7.4,1.4,57.208888888888886,72.43666666666667,66.74,True,1.0,CIE76
62.60726189613342,1756358259.0868225,0.7,0.7,0.7,0.5,-0.4,0.4,0.5,-0.3,29.4,-7.5,1.7,57.19555555555556,72.46888888888888,66.38111111111111,True,1.0,CIE76
62.68470072746277,1756358259.1642613,0.5,0.5,0.5,0.5,-0.0,-0.1,-0.0,0.1,29.4,-7.1,1.2,57.54666666666667,72.25444444444445,66.97888888888889,True,1.0,CIE76
62.794848680496216,1756358259.2744093,0.5,0.5,0.5,0.5,-0.1,-0.1,0.1,0.1,29.4,-7.2,1.2,57.23111111111111,72.27444444444444,67.07111111111111,True,1.0,CIE76
62.92507982254028,1756358259.4046404,0.6,0.6,0.6,0.5,-0.3,0.1,0.3,-0.1,29.4,-7.4,1.4,57.19111111111111,72.32888888888888,66.61888888888889,True,1.0,CIE76
63.04936480522156,1756358259.5289254,0.7,0.7,0.7,0.5,-0.3,0.3,0.3,-0.3,29.4,-7.4,1.6,57.36,72.41222222222223,66.39888888888889,True,1.0,CIE76
63.17716336250305,1756358259.656724,1.0,1.0,1.0,0.5,-0.7,0.5,0.8,-0.3,29.4,-7.8,1.8,56.68888888888889,72.63888888888889,66.22111111111111,True,1.0,CIE76
63.300551652908325,1756358259.7801123,0.5,0.5,0.5,0.4,0.0,-0.3,-0.1,0.3,29.3,-7.1,1.0,57.16,71.97222222222223,67.11777777777777,True,1.0,CIE76
63.443384408950806,1756358259.922945,0.5,0.5,0.5,0.4,-0.2,0.1,0.2,-0.1,29.3,-7.3,1.4,57.18666666666667,72.19222222222223,66.62333333333333,True,1.0,CIE76
63.55112957954407,1756358260.0306902,0.8,0.8,0.8,0.4,-0.4,0.5,0.5,-0.4,29.3,-7.5,1.8,57.14222222222222,72.36444444444444,66.05333333333333,True,1.0,CIE76
63.693904876708984,1756358260.1734655,0.7,0.7,0.7,0.4,-0.4,0.4,0.5,-0.3,29.3,-7.5,1.7,57.00888888888889,72.3488888888889,66.17,True,1.0,CIE76
63.81744909286499,1756358260.2970097,0.8,0.8,0.8,0.4,-0.7,0.3,0.7,-0.1,29.3,-7.8,1.6,56.54666666666667,72.44888888888889,66.37333333333333,True,1.0,CIE76
63.925944805145264,1756358260.4055054,0.7,0.7,0.7,0.4,-0.5,0.2,0.5,-0.1,29.3,-7.6,1.5,56.75555555555555,72.39444444444445,66.44777777777777,True,1.0,CIE76
64.0443983078003,1756358260.523959,1.1,1.1,1.1,0.5,-0.8,0.6,0.9,-0.4,29.4,-7.9,1.9,56.626666666666665,72.54444444444445,65.97222222222223,True,1.0,CIE76
64.1897041797638,1756358260.6692648,0.4,0.4,0.4,0.4,-0.0,-0.0,0.0,0.0,29.3,-7.1,1.3,57.45333333333333,72.11666666666666,66.76666666666667,True,1.0,CIE76
64.31824946403503,1756358260.79781,0.6,0.6,0.6,0.4,-0.3,0.3,0.4,-0.2,29.3,-7.4,1.6,57.14222222222222,72.30111111111111,66.40777777777778,True,1.0,CIE76
64.43436861038208,1756358260.9139292,0.4,0.4,0.4,0.4,0.0,0.1,0.0,-0.1,29.3,-7.1,1.4,57.577777777777776,72.02333333333333,66.47888888888889,True,1.0,CIE76
64.59326338768005,1756358261.072824,0.6,0.6,0.6,0.4,-0.3,0.2,0.4,-0.1,29.3,-7.4,1.5,57.06666666666667,72.33111111111111,66.52444444444444,True,1.0,CIE76
64.68210911750793,1756358261.1616697,0.5,0.5,0.5,0.4,-0.2,0.2,0.2,-0.2,29.3,-7.3,1.5,57.31111111111111,72.13666666666667,66.39222222222222,True,1.0,CIE76
64.79488778114319,1756358261.2744484,0.7,0.7,0.7,0.4,-0.5,0.2,0.6,-0.1,29.3,-7.6,1.5,56.75111111111111,72.41222222222223,66.47111111111111,True,1.0,CIE76
64.95112442970276,1756358261.430685,0.6,0.6,0.6,0.3,-0.3,0.4,0.4,-0.3,29.2,-7.4,1.7,57.12,72.02888888888889,65.95666666666666,True,1.0,CIE76
65.06999158859253,1756358261.5495522,0.7,0.7,0.7,0.3,-0.5,0.3,0.5,-0.2,29.2,-7.6,1.6,56.6,72.06666666666666,66.00777777777778,True,1.0,CIE76
65.17210054397583,1756358261.6516612,0.5,0.5,0.5,0.3,-0.4,0.1,0.4,-0.0,29.2,-7.5,1.4,56.58222222222222,72.09777777777778,66.39111111111112,True,1.0,CIE76
65.29003143310547,1756358261.769592,0.5,0.5,0.5,0.3,-0.4,0.1,0.4,0.0,29.2,-7.5,1.4,56.653333333333336,72.1211111111111,66.51222222222222,True,1.0,CIE76
65.43416953086853,1756358261.9137301,0.5,0.5,0.5,0.4,-0.3,0.3,0.3,-0.2,29.3,-7.4,1.6,57.12,72.11444444444444,66.21777777777778,True,1.0,CIE76
65.5728759765625,1756358262.0524366,1.1,1.1,1.1,0.4,-0.9,0.4,1.0,-0.2,29.3,-8.0,1.7,55.95111111111111,72.38444444444444,66.06888888888889,True,1.0,CIE76
65.6763014793396,1756358262.155862,0.8,0.8,0.8,0.4,-0.6,0.4,0.7,-0.2,29.3,-7.7,1.7,56.46666666666667,72.25888888888889,66.08222222222223,True,1.0,CIE76
65.79113864898682,1756358262.2706993,0.6,0.6,0.6,0.3,-0.4,0.3,0.4,-0.2,29.2,-7.5,1.6,56.84,72.11444444444444,66.17888888888889,True,1.0,CIE76
65.93239092826843,1756358262.4119515,0.7,0.7,0.7,0.4,-0.4,0.4,0.5,-0.3,29.3,-7.5,1.7,56.92444444444445,72.13333333333334,65.94666666666667,True,1.0,CIE76
66.05243968963623,1756358262.5320003,0.4,0.4,0.4,0.2,0.2,-0.2,-0.2,0.2,29.1,-6.9,1.1,57.208888888888886,71.66333333333333,66.72555555555556,True,1.0,CIE76
66.18046355247498,1756358262.6600242,0.4,0.4,0.4,0.3,-0.1,0.2,0.2,-0.2,29.2,-7.2,1.5,57.19555555555556,71.92666666666666,66.14888888888889,True,1.0,CIE76
66.31181478500366,1756358262.7913754,0.3,0.3,0.3,0.3,-0.1,0.1,0.1,-0.0,29.2,-7.2,1.4,56.946666666666665,71.80333333333333,66.32666666666667,True,1.0,CIE76
66.42654061317444,1756358262.9061012,0.4,0.4,0.4,0.3,-0.3,0.0,0.3,0.0,29.2,-7.4,1.3,56.577777777777776,71.90777777777778,66.40222222222222,True,1.0,CIE76
66.54166722297668,1756358263.0212278,0.4,0.4,0.4,0.3,-0.3,0.1,0.4,-0.0,29.2,-7.4,1.4,56.53333333333333,71.91555555555556,66.2388888888889,True,1.0,CIE76
66.68891787528992,1756358263.1684785,0.4,0.4,0.4,0.3,-0.3,0.1,0.3,-0.0,29.2,-7.4,1.4,56.65777777777778,71.9,66.24555555555555,True,1.0,CIE76
66.82703042030334,1756358263.306591,0.5,0.5,0.5,0.3,-0.1,0.4,0.2,-0.3,29.2,-7.2,1.7,57.35111111111111,71.80333333333333,65.8711111111111,True,1.0,CIE76
66.93752932548523,1756358263.41709,0.2,0.2,0.2,0.2,-0.1,-0.1,0.0,0.1,29.1,-7.2,1.2,56.78666666666667,71.66444444444444,66.42777777777778,True,1.0,CIE76
67.08696627616882,1756358263.566527,0.3,0.3,0.3,0.2,-0.2,0.1,0.2,-0.1,29.1,-7.3,1.4,56.75555555555555,71.77555555555556,66.16222222222223,True,1.0,CIE76
67.18386840820312,1756358263.663429,1.3,1.3,1.3,0.3,-1.0,0.8,1.1,-0.6,29.2,-8.1,2.1,56.16444444444444,72.28,65.25444444444445,True,1.0,CIE76
67.29890394210815,1756358263.7784646,0.2,0.2,0.2,0.2,-0.2,0.0,0.2,-0.0,29.1,-7.3,1.3,56.60444444444445,71.65555555555555,66.15888888888888,True,1.0,CIE76
67.43876314163208,1756358263.9183238,0.4,0.4,0.4,0.1,-0.1,-0.4,-0.0,0.4,29.0,-7.2,0.9,56.422222222222224,71.54,66.72777777777777,True,1.0,CIE76
67.57315444946289,1756358264.052715,0.3,0.3,0.3,0.2,-0.1,0.0,0.1,0.0,29.1,-7.2,1.3,56.87111111111111,71.74,66.30777777777777,True,1.0,CIE76
67.67031979560852,1756358264.1498804,0.2,0.2,0.2,0.2,-0.1,0.0,0.1,0.0,29.1,-7.2,1.3,56.67111111111111,71.64111111111112,66.22888888888889,True,1.0,CIE76
67.81885862350464,1756358264.2984192,0.2,0.2,0.2,0.2,-0.1,-0.0,0.0,0.1,29.1,-7.2,1.3,56.8,71.55555555555556,66.2911111111111,True,1.0,CIE76
67.94559621810913,1756358264.4251568,0.7,0.7,0.7,0.2,-0.6,0.4,0.6,-0.3,29.1,-7.7,1.7,56.275555555555556,71.78666666666666,65.53777777777778,True,1.0,CIE76
68.04371237754822,1756358264.523273,0.3,0.3,0.3,0.1,-0.2,0.1,0.2,-0.1,29.0,-7.3,1.4,56.59111111111111,71.55666666666667,65.95,True,1.0,CIE76
68.16612005233765,1756358264.6456807,0.5,0.5,0.5,0.2,-0.4,0.2,0.5,-0.1,29.1,-7.5,1.5,56.324444444444445,71.80444444444444,65.92111111111112,True,1.0,CIE76
68.31551194190979,1756358264.7950726,0.3,0.3,0.3,0.2,-0.1,0.2,0.1,-0.2,29.1,-7.2,1.5,57.06666666666667,71.66,65.95333333333333,True,1.0,CIE76
68.45988488197327,1756358264.9394455,0.2,0.2,0.2,0.2,-0.1,-0.1,0.0,0.1,29.1,-7.2,1.2,56.75111111111111,71.58333333333333,66.28333333333333,True,1.0,CIE76
68.55501866340637,1756358265.0345793,0.4,0.4,0.4,0.1,-0.3,0.0,0.3,0.0,29.0,-7.4,1.3,56.26222222222222,71.6211111111111,66.07222222222222,True,1.0,CIE76
68.67157745361328,1756358265.151138,0.7,0.7,0.7,0.2,-0.4,0.5,0.4,-0.4,29.1,-7.5,1.8,56.791111111111114,71.7911111111111,65.53,True,1.0,CIE76
68.79855632781982,1756358265.278117,0.4,0.4,0.4,0.2,-0.3,0.2,0.3,-0.2,29.1,-7.4,1.5,56.50222222222222,71.67111111111112,65.85666666666667,True,1.0,CIE76
68.99452662467957,1756358265.4740872,0.8,0.8,0.8,0.1,-0.7,0.3,0.7,-0.2,29.0,-7.8,1.6,55.88444444444445,71.76666666666667,65.61222222222223,True,1.0,CIE76
69.06452131271362,1756358265.544082,0.3,0.3,0.3,0.1,-0.1,-0.2,0.0,0.3,29.0,-7.2,1.1,56.39555555555555,71.45111111111112,66.42777777777778,True,1.0,CIE76
69.166916847229,1756358265.6464775,0.6,0.6,0.6,0.1,-0.4,0.3,0.5,-0.2,29.0,-7.5,1.6,56.324444444444445,71.64,65.64444444444445,True,1.0,CIE76
69.31034874916077,1756358265.7899094,0.3,0.3,0.3,0.1,-0.1,-0.2,0.1,0.2,29.0,-7.2,1.1,56.41777777777778,71.51,66.49111111111111,True,1.0,CIE76
69.44043684005737,1756358265.9199975,0.4,0.4,0.4,0.1,-0.4,0.0,0.4,0.0,29.0,-7.5,1.3,56.13777777777778,71.50333333333333,65.94,True,1.0,CIE76
69.55543947219849,1756358266.035,0.1,0.1,0.1,0.1,-0.1,0.1,0.1,-0.1,29.0,-7.2,1.4,56.72,71.40444444444445,65.9011111111111,True,1.0,CIE76
69.69444537162781,1756358266.174006,0.3,0.3,0.3,0.1,-0.3,0.0,0.3,0.0,29.0,-7.4,1.3,56.17333333333333,71.39777777777778,65.96555555555555,True,1.0,CIE76
69.80332279205322,1756358266.2828834,0.9,0.9,0.9,0.2,-0.7,0.6,0.8,-0.5,29.1,-7.8,1.9,56.16,71.83,65.27555555555556,True,1.0,CIE76
69.9470705986023,1756358266.4266312,0.2,0.2,0.2,0.1,-0.2,0.1,0.2,-0.1,29.0,-7.3,1.4,56.46222222222222,71.38555555555556,65.75111111111111,True,1.0,CIE76
70.10860109329224,1756358266.5881617,0.4,0.4,0.4,0.1,-0.2,0.2,0.3,-0.2,29.0,-7.3,1.5,56.66222222222222,71.52222222222223,65.72888888888889,True,1.0,CIE76
70.17660450935364,1756358266.6561651,0.2,0.2,0.2,0.0,0.2,0.1,-0.2,-0.1,28.9,-6.9,1.4,57.053333333333335,71.08777777777777,65.77555555555556,True,1.0,CIE76
70.31165337562561,1756358266.791214,0.5,0.5,0.5,0.1,-0.4,0.2,0.5,-0.1,29.0,-7.5,1.5,56.16888888888889,71.57111111111111,65.69666666666667,True,1.0,CIE76
